caller,total_calls,short_call,unanswered,unique_ca,mean_duration,pct_weekend,pct_daytime,unique_called_ratio,short_call_count,fraud_ratio,label,POST_CODE,credit_score_cat,short_call_ratio,cluster,pca1,pca2,anomaly_flag,prediction,anomaly_score,Caller Country,Caller Operator
966500433218,29,20,2,23,292.192182,0.120858054,0.353046582,1,20,0.689655,0,629903,1,0.689655,4,-602324.6986,7.49422189,1,Anomaly,0.02089883,Saudi Arabia,STC
966537940265,26,18,2,20,271.531376,0.63444589,0.271547194,1,18,0.692308,0,498382,1,0.692308,2,694988.7327,5.18630157,1,Anomaly,0.026142565,Saudi Arabia,Mobily
966558161849,29,20,2,23,269.228859,0.148688604,0.662884323,1,20,0.689655,0,910620,3,0.689655,0,710635.442,18.32418334,1,Anomaly,0.017602525,Saudi Arabia,Mobily
966555255341,30,21,3,24,267.113865,0.610388759,0.314381746,1,21,0.7,0,497887,3,0.7,4,-560769.6521,-8.78586328,1,Anomaly,0.025366272,Saudi Arabia,Zain KSA
966503056413,30,21,3,24,281.467788,0.558807066,0.476942331,1,21,0.7,0,774079,4,0.7,1,-470239.667,-12.66862462,1,Anomaly,0.021227363,Saudi Arabia,Zain KSA
966549696532,28,19,2,22,259.090941,0.132981463,0.276754391,1,19,0.678571,0,757924,2,0.678571,3,192818.0615,-5.76163442,1,Anomaly,0.021917769,Saudi Arabia,Zain KSA
966558480184,27,18,2,21,261.155217,0.404335675,0.517606594,1,18,0.666667,0,857168,3,0.666667,4,523924.3981,0.38408373,1,Anomaly,0.012128216,Saudi Arabia,Zain KSA
966548932528,25,17,2,20,309.894458,0.442023996,0.278307408,1,17,0.68,0,480612,3,0.68,1,-884149.667,18.90047996,1,Anomaly,0.028938989,Saudi Arabia,Zain KSA
966507182278,27,18,2,21,302.767379,0.524615742,0.875054034,1,18,0.666667,0,665492,2,0.666667,2,-202015.4,8.58434798,1,Anomaly,0.01746841,Saudi Arabia,STC
966567133150,29,20,2,23,273.011473,0.254152169,0.24969516,1,20,0.689655,0,761759,1,0.689655,1,-865199.3438,-23.4293521,1,Anomaly,0.01660857,Saudi Arabia,Zain KSA
966563473829,28,19,2,22,274.299724,0.43108106,0.484941973,1,19,0.678571,0,198907,1,0.678571,3,-291404.8668,-4.4448862,1,Anomaly,0.027276735,Saudi Arabia,Zain KSA
966501065133,29,20,2,23,294.861355,0.395317148,0.394981601,1,20,0.689655,0,361941,1,0.689655,3,616044.4895,17.79834462,1,Anomaly,0.011958175,Saudi Arabia,STC
966560132677,28,19,2,22,340.244287,0.215245985,0.201508765,1,19,0.678571,0,509386,3,0.678571,3,-429501.5421,9.82957518,1,Anomaly,0.024610106,Saudi Arabia,STC
966567234309,29,20,2,23,256.095757,0.319523367,0.235099636,1,20,0.689655,0,599948,2,0.689655,0,921557.8065,-20.99442674,1,Anomaly,0.013716499,Saudi Arabia,Zain KSA
966561361939,25,17,2,20,311.938151,0.393457441,0.608570603,1,17,0.68,0,648177,3,0.68,2,-591481.6012,10.80959004,1,Anomaly,0.014773719,Saudi Arabia,Zain KSA
966552475107,29,20,2,23,349.609645,0.151282505,0.349208019,1,20,0.689655,0,378082,2,0.689655,2,761728.3474,18.96351212,1,Anomaly,0.017390542,Saudi Arabia,Zain KSA
966537849808,30,21,3,24,260.35865,0.714688875,0.385126145,1,21,0.7,0,212235,2,0.7,2,-436487.4571,-14.46851726,1,Anomaly,0.016857606,Saudi Arabia,Mobily
966548740164,25,17,2,20,283.355654,0.191573762,0.885858568,1,17,0.68,0,269430,4,0.68,4,411334.8935,3.04534324,1,Anomaly,0.012237478,Saudi Arabia,STC
966538059826,25,17,2,20,280.825835,0.729287042,0.757285613,1,17,0.68,0,141832,3,0.68,1,364133.3766,8.34667053,1,Anomaly,0.017073573,Saudi Arabia,STC
966566923226,26,18,2,20,323.656447,0.332529828,0.85157112,1,18,0.692308,0,941204,2,0.692308,2,-681604.314,10.06390941,1,Anomaly,0.017650834,Saudi Arabia,STC
966507337543,25,17,2,20,316.003318,0.378926185,0.395022143,1,17,0.68,0,172792,3,0.68,2,282963.4772,-5.01608078,1,Anomaly,0.029622994,Saudi Arabia,STC
966565014294,25,17,2,20,309.657125,0.341980978,0.750499725,1,17,0.68,0,557592,1,0.68,3,799009.4658,-15.49606127,1,Anomaly,0.010887731,Saudi Arabia,STC
966550883561,27,18,2,21,312.315541,0.564371233,0.287237721,1,18,0.666667,0,414910,3,0.666667,3,-347634.1903,9.86042071,1,Anomaly,0.02108825,Saudi Arabia,Zain KSA
966536629946,25,17,2,20,280.387495,0.247127879,0.750031179,1,17,0.68,0,736130,3,0.68,3,-116427.9663,8.78136166,1,Anomaly,0.02022348,Saudi Arabia,Zain KSA
966531489513,27,18,2,21,272.464067,0.239390953,0.217097771,1,18,0.666667,0,356736,4,0.666667,4,699475.3892,-21.35858854,1,Anomaly,0.01828882,Saudi Arabia,Zain KSA
966563676320,28,19,2,22,271.884114,0.662876899,0.687138243,1,19,0.678571,0,587115,1,0.678571,4,-501603.4407,17.41681737,1,Anomaly,0.019129237,Saudi Arabia,STC
966558895798,29,20,2,23,294.591361,0.211410535,0.803046437,1,20,0.689655,0,571932,3,0.689655,1,679725.7757,-11.13443234,1,Anomaly,0.025553497,Saudi Arabia,Mobily
966553471434,27,18,2,21,339.302683,0.15640436,0.305581461,1,18,0.666667,0,501641,2,0.666667,1,-871542.2986,-4.62003152,1,Anomaly,0.020852223,Saudi Arabia,Mobily
966550366909,28,19,2,22,250.589608,0.346231162,0.727432588,1,19,0.678571,0,994905,4,0.678571,4,495031.338,2.30661549,1,Anomaly,0.022065052,Saudi Arabia,Mobily
966537346706,30,21,3,24,317.914189,0.383021668,0.315531312,1,21,0.7,0,590094,2,0.7,4,68247.25907,20.34644313,1,Anomaly,0.021837856,Saudi Arabia,Mobily
966501627204,27,18,2,21,271.166028,0.328792063,0.732860796,1,18,0.666667,0,497542,3,0.666667,3,-495456.9364,-20.90468836,1,Anomaly,0.010387666,Saudi Arabia,Mobily
966560531003,25,17,2,20,312.133566,0.266981459,0.531492743,1,17,0.68,0,219946,2,0.68,3,398929.9425,13.34490492,1,Anomaly,0.013355783,Saudi Arabia,STC
966561241904,30,21,3,24,340.802615,0.362714872,0.859029419,1,21,0.7,0,307963,1,0.7,4,381228.8319,6.36211978,1,Anomaly,0.012038026,Saudi Arabia,Zain KSA
966549190586,27,18,2,21,256.895674,0.553280278,0.208856505,1,18,0.666667,0,540463,4,0.666667,0,-132953.1973,-6.89059808,1,Anomaly,0.0278315,Saudi Arabia,Zain KSA
966552628498,28,19,2,22,293.557449,0.61171835,0.387876877,1,19,0.678571,0,993085,2,0.678571,0,-442143.5016,-2.45989999,1,Anomaly,0.025009526,Saudi Arabia,Mobily
966569650752,26,18,2,20,285.482497,0.280846686,0.395760942,1,18,0.692308,0,725113,3,0.692308,4,-979697.7711,22.40312889,1,Anomaly,0.011712259,Saudi Arabia,Mobily
966557837770,27,18,2,21,272.15964,0.584251009,0.414344221,1,18,0.666667,0,709805,3,0.666667,3,106945.91,-7.81213029,1,Anomaly,0.029932629,Saudi Arabia,STC
918574443135,30,21,3,24,303.586397,0.633532727,0.32960489,1,21,0.7,0,326895,4,0.7,2,449170.0022,23.83035114,1,Anomaly,0.020492737,India,Airtel
918134352408,27,18,2,21,254.55157,0.138168214,0.404495651,1,18,0.666667,0,232413,4,0.666667,0,745439.47,3.70321098,1,Anomaly,0.019387939,India,Airtel
919520471167,29,20,2,23,312.944571,0.137526352,0.304438309,1,20,0.689655,0,690180,3,0.689655,0,987836.2454,-19.07742189,1,Anomaly,0.025288869,India,Airtel
917867749649,25,17,2,20,310.963091,0.618062514,0.86331314,1,17,0.68,0,317881,2,0.68,2,320856.2744,-17.14714533,1,Anomaly,0.013476271,India,Jio
916206797403,30,21,3,24,278.271837,0.701724712,0.249825832,1,21,0.7,0,344762,3,0.7,4,322366.0857,21.68342292,1,Anomaly,0.018502779,India,Vi
917242102499,28,19,2,22,262.435366,0.582074594,0.689813579,1,19,0.678571,0,385470,4,0.678571,3,-839116.2962,-23.00696079,1,Anomaly,0.018640573,India,Vi
918940139904,25,17,2,20,326.3109,0.22263351,0.563274689,1,17,0.68,0,563711,3,0.68,1,993890.9499,-3.20575065,1,Anomaly,0.026284899,India,Jio
916756551256,28,19,2,22,278.82178,0.761635478,0.769496224,1,19,0.678571,0,676818,1,0.678571,3,-823880.4144,-12.38005745,1,Anomaly,0.012318432,India,Jio
919808760385,28,19,2,22,312.540874,0.631993375,0.342490767,1,19,0.678571,0,675898,2,0.678571,2,-123767.8099,9.91250146,1,Anomaly,0.012428522,India,Jio
917248086131,25,17,2,20,314.770969,0.207779787,0.852857142,1,17,0.68,0,406039,3,0.68,3,669447.8912,24.01223163,1,Anomaly,0.014874618,India,Vi
917639821465,27,18,2,21,332.054947,0.297987288,0.408989095,1,18,0.666667,0,715448,4,0.666667,1,-106905.2139,-0.78293072,1,Anomaly,0.016648799,India,Jio
919753396360,30,21,3,24,297.297625,0.739401117,0.466861803,1,21,0.7,0,795928,2,0.7,3,929648.8767,-18.68768651,1,Anomaly,0.029307072,India,Vi
918171870262,28,19,2,22,328.152529,0.285515946,0.63628158,1,19,0.678571,0,516791,1,0.678571,2,704682.6731,17.96710921,1,Anomaly,0.017600188,India,Airtel
918780913431,25,17,2,20,326.036969,0.592723581,0.270355068,1,17,0.68,0,274446,3,0.68,0,-908018.0626,14.80717326,1,Anomaly,0.015867356,India,Vi
918623869222,29,20,2,23,337.08396,0.533797258,0.368580854,1,20,0.689655,0,711484,2,0.689655,1,-77700.17329,-12.30113303,1,Anomaly,0.015106534,India,Airtel
916748217594,28,19,2,22,319.031351,0.419785069,0.411485169,1,19,0.678571,0,503380,4,0.678571,0,-525588.5961,3.59613462,1,Anomaly,0.021496239,India,Jio
918064090974,29,20,2,23,330.193196,0.253303177,0.333092392,1,20,0.689655,0,362801,2,0.689655,0,806807.4081,7.31703044,1,Anomaly,0.016178658,India,Airtel
919095214562,26,18,2,20,328.651281,0.713522418,0.456100271,1,18,0.692308,0,626169,3,0.692308,1,-486059.8309,16.23449063,1,Anomaly,0.019636957,India,Airtel
918517123685,28,19,2,22,251.391866,0.475600616,0.518350219,1,19,0.678571,0,805511,3,0.678571,4,-237949.0015,6.92746339,1,Anomaly,0.017429473,India,Airtel
917709859317,27,18,2,21,314.923945,0.181673156,0.231742768,1,18,0.666667,0,139019,3,0.666667,3,-767759.0385,-13.25999838,1,Anomaly,0.020750932,India,Jio
919758692617,28,19,2,22,343.905307,0.295818098,0.683196465,1,19,0.678571,0,327823,4,0.678571,3,901110.3397,17.77250967,1,Anomaly,0.011987092,India,Jio
918850643171,26,18,2,20,314.170447,0.518002172,0.214950218,1,18,0.692308,0,925013,3,0.692308,1,977641.8079,14.348905,1,Anomaly,0.014104112,India,Jio
917933529042,29,20,2,23,275.06542,0.222147985,0.66274035,1,20,0.689655,0,127032,2,0.689655,0,-283515.4416,14.42157672,1,Anomaly,0.021777058,India,Airtel
916240268117,27,18,2,21,301.323796,0.176337807,0.552687083,1,18,0.666667,0,744986,1,0.666667,4,-396739.3419,7.16703421,1,Anomaly,0.010623013,India,Vi
919661771159,25,17,2,20,262.619159,0.537022246,0.609755282,1,17,0.68,0,846746,3,0.68,3,989255.5117,1.52784187,1,Anomaly,0.019074308,India,Airtel
919118367365,28,19,2,22,291.598965,0.166560087,0.498734804,1,19,0.678571,0,797416,3,0.678571,2,907185.0352,9.34105177,1,Anomaly,0.019485358,India,Vi
916116152809,29,20,2,23,282.964598,0.1855619,0.447518656,1,20,0.689655,0,797660,4,0.689655,0,936797.2506,5.02050456,1,Anomaly,0.017032924,India,Jio
917273158514,26,18,2,20,330.722137,0.691608613,0.882182621,1,18,0.692308,0,958182,1,0.692308,4,858168.582,16.4730395,1,Anomaly,0.015348955,India,Jio
917445502296,26,18,2,20,324.096906,0.780267223,0.264230378,1,18,0.692308,0,656251,2,0.692308,3,-160335.0125,-7.95520091,1,Anomaly,0.017401062,India,Airtel
918991022901,28,19,2,22,316.193869,0.439963193,0.509430931,1,19,0.678571,0,386436,2,0.678571,4,-772364.9838,-3.50431833,1,Anomaly,0.015664929,India,Vi
919840369003,26,18,2,20,326.734953,0.634912627,0.402612992,1,18,0.692308,0,225812,1,0.692308,3,494028.2469,-16.21525991,1,Anomaly,0.017604149,India,Vi
917885160607,27,18,2,21,307.575916,0.501379777,0.696649273,1,18,0.666667,0,537983,3,0.666667,0,-189935.3859,23.30998455,1,Anomaly,0.013437464,India,Airtel
919516136968,28,19,2,22,337.052442,0.622063379,0.355100441,1,19,0.678571,0,916964,2,0.678571,0,20966.56908,-19.29866801,1,Anomaly,0.020199041,India,Airtel
918523124329,30,21,3,24,257.535327,0.765904498,0.63956414,1,21,0.7,0,586490,4,0.7,4,285983.6613,24.32659739,1,Anomaly,0.016464165,India,Airtel
918271774490,29,20,2,23,257.419066,0.423219741,0.226325072,1,20,0.689655,0,486649,3,0.689655,0,289332.9392,23.86842663,1,Anomaly,0.01180593,India,Vi
919798079359,29,20,2,23,265.086108,0.14331159,0.272451314,1,20,0.689655,0,978053,3,0.689655,0,9098.003002,-16.37205443,1,Anomaly,0.014954874,India,Vi
919788925546,27,18,2,21,317.889772,0.136655862,0.641620602,1,18,0.666667,0,450905,1,0.666667,2,-810988.105,8.91896724,1,Anomaly,0.015682939,India,Vi
13545192546,29,20,2,23,320.883401,0.159303308,0.591245449,1,20,0.689655,0,774751,3,0.689655,1,340232.8,16.44794864,1,Anomaly,0.024775493,Canada,Rogers
12966850542,27,18,2,21,344.766827,0.440389645,0.358580133,1,18,0.666667,0,244247,2,0.666667,0,-408415.7967,14.40600868,1,Anomaly,0.020153794,Canada,Rogers
19578059296,26,18,2,20,268.084597,0.584991949,0.637318336,1,18,0.692308,0,273580,4,0.692308,0,-178282.777,8.81814611,1,Anomaly,0.014750604,Canada,Rogers
61494738347,27,18,2,21,317.830683,0.499293575,0.508418182,1,18,0.666667,0,906814,3,0.666667,3,5813.382975,-4.06695866,1,Anomaly,0.013241163,Australia,Telstra
447924075818,27,18,2,21,258.387513,0.212218634,0.514523454,1,18,0.666667,0,638289,2,0.666667,3,-816572.8607,20.52524769,1,Anomaly,0.026334065,UK,Vodafone UK
491560685361,26,18,2,20,252.818755,0.751578133,0.787423401,1,18,0.692308,0,781533,3,0.692308,1,-724800.8245,-10.65603013,1,Anomaly,0.026595232,Germany,Vodafone DE
447779010432,30,21,3,24,310.88801,0.396278331,0.743320843,1,21,0.7,0,349183,3,0.7,0,-904501.1068,-4.00872281,1,Anomaly,0.025877982,UK,EE
61411798089,30,21,3,24,264.357684,0.400467225,0.630366708,1,21,0.7,0,352249,4,0.7,1,328742.6035,-20.71930225,1,Anomaly,0.02949309,Australia,Telstra
17398888067,30,21,3,24,288.688132,0.361311671,0.723121614,1,21,0.7,0,474440,1,0.7,2,-517748.1512,7.85522,1,Anomaly,0.012073277,USA,Verizon
19535205852,28,19,2,22,348.081919,0.43497182,0.327594599,1,19,0.678571,0,241403,1,0.678571,3,-926032.4196,-14.92045036,1,Anomaly,0.025822184,Canada,Telus
15244868740,26,18,2,20,278.61109,0.703496971,0.233462824,1,18,0.692308,0,787584,3,0.692308,2,-751049.9835,-6.59904128,1,Anomaly,0.02778973,USA,T-Mobile
61465277584,30,21,3,24,292.449966,0.401425006,0.896568715,1,21,0.7,0,289222,3,0.7,2,-794804.1844,-8.60400473,1,Anomaly,0.015912799,Australia,Telstra
61496275705,28,19,2,22,277.455536,0.786019095,0.863533065,1,19,0.678571,0,178686,4,0.678571,2,26172.03893,12.49489921,1,Anomaly,0.013199735,Australia,Vodafone AU
13479702135,28,19,2,22,344.946711,0.122669727,0.307406714,1,19,0.678571,0,571778,3,0.678571,2,-112121.4216,-21.15572856,1,Anomaly,0.012753902,USA,AT&T
491654310278,29,20,2,23,261.7761,0.642475138,0.692826468,1,20,0.689655,0,324993,3,0.689655,3,-599643.318,-18.21357911,1,Anomaly,0.011481041,Germany,Vodafone DE
447715518844,30,21,3,24,320.956379,0.590153479,0.321863707,1,21,0.7,0,479052,2,0.7,0,970265.0935,14.60328368,1,Anomaly,0.014734724,UK,Vodafone UK
61405895782,25,17,2,20,256.574811,0.378711987,0.701853519,1,17,0.68,0,601916,4,0.68,3,646678.799,-21.31246435,1,Anomaly,0.029447595,Australia,Vodafone AU
16617852892,28,19,2,22,300.286379,0.707748139,0.781973565,1,19,0.678571,0,643269,2,0.678571,2,-670685.8402,-8.86696244,1,Anomaly,0.024186643,USA,Verizon
491741438424,29,20,2,23,259.342841,0.548691199,0.614265912,1,20,0.689655,0,708851,2,0.689655,1,317465.7468,11.03163842,1,Anomaly,0.022102778,Germany,O2 DE
12430109439,29,20,2,23,313.899119,0.448626642,0.639014807,1,20,0.689655,0,403742,3,0.689655,3,-510244.1787,15.36746572,1,Anomaly,0.018121851,Canada,Bell
61410276773,29,20,2,23,264.366869,0.703039554,0.423521475,1,20,0.689655,0,462147,4,0.689655,1,521329.9896,0.7490067,1,Anomaly,0.012123679,Australia,Optus
447714732104,29,20,2,23,291.813474,0.773880097,0.831617579,1,20,0.689655,0,952993,3,0.689655,4,442256.8576,-15.50829494,1,Anomaly,0.013186848,UK,O2
16797470168,26,18,2,20,271.514442,0.347026562,0.235378283,1,18,0.692308,0,618934,4,0.692308,2,73381.49858,17.35861827,1,Anomaly,0.018618555,Canada,Bell
491756506098,27,18,2,21,305.322293,0.151472225,0.55297887,1,18,0.666667,0,901535,3,0.666667,4,360797.2802,-19.05944901,1,Anomaly,0.029501656,Germany,T-Mobile DE
61455852398,29,20,2,23,254.025491,0.127239776,0.699514292,1,20,0.689655,0,943019,4,0.689655,4,-86022.88143,5.31302612,1,Anomaly,0.020310115,Australia,Optus
491752694958,29,20,2,23,298.984665,0.494046982,0.53242482,1,20,0.689655,0,117445,3,0.689655,2,347612.7849,23.99490156,1,Anomaly,0.021674043,Germany,O2 DE
18127499309,26,18,2,20,302.423233,0.604827985,0.742224291,1,18,0.692308,0,498658,2,0.692308,1,-936858.9733,22.41025854,1,Anomaly,0.01219791,USA,AT&T
16525626368,28,19,2,22,337.281771,0.61508609,0.2435969,1,19,0.678571,0,244789,2,0.678571,4,-349900.9311,8.11133999,1,Anomaly,0.020509543,USA,T-Mobile
491578585497,26,18,2,20,277.90064,0.308949413,0.859039882,1,18,0.692308,0,412071,3,0.692308,1,380479.8231,-0.54984602,1,Anomaly,0.019596068,Germany,T-Mobile DE
19394419866,26,18,2,20,279.045265,0.301341239,0.699898901,1,18,0.692308,0,463188,4,0.692308,2,494676.9994,-14.3006596,1,Anomaly,0.026559034,Canada,Bell
491742199330,29,20,2,23,272.567165,0.262985592,0.270138571,1,20,0.689655,0,446337,4,0.689655,0,362383.9732,-18.12664829,1,Anomaly,0.029290375,Germany,O2 DE
447677345401,29,20,2,23,273.22202,0.617080566,0.795233171,1,20,0.689655,0,139110,2,0.689655,3,764489.9463,-16.21056462,1,Anomaly,0.028392696,UK,EE
61472400499,27,18,2,21,278.456165,0.792369629,0.580310338,1,18,0.666667,0,617904,2,0.666667,4,-63958.46199,-15.35943009,1,Anomaly,0.012252935,Australia,Telstra
447742054932,30,21,3,24,339.704276,0.678892878,0.560696461,1,21,0.7,0,190951,4,0.7,0,-630437.5979,-17.96940622,1,Anomaly,0.016472033,UK,EE
447046374549,29,20,2,23,251.143573,0.557578357,0.684938013,1,20,0.689655,0,165142,1,0.689655,3,-386387.316,-4.72916935,1,Anomaly,0.020050409,UK,EE
491714593327,28,19,2,22,324.773484,0.524017264,0.491091931,1,19,0.678571,0,675914,4,0.678571,4,603989.9836,16.28017545,1,Anomaly,0.025237192,Germany,T-Mobile DE
12848785191,29,20,2,23,340.288816,0.241509745,0.575662111,1,20,0.689655,0,272529,3,0.689655,4,-116318.8947,9.0147619,1,Anomaly,0.024338359,Canada,Rogers
61418707286,29,20,2,23,255.773678,0.423664814,0.764840747,1,20,0.689655,0,858414,1,0.689655,3,-491085.5619,-24.84922642,1,Anomaly,0.014358026,Australia,Optus
12476518017,27,18,2,21,290.886694,0.638280444,0.736079378,1,18,0.666667,0,864715,4,0.666667,2,985713.1972,-5.87601906,1,Anomaly,0.027392406,USA,Verizon
61461825128,29,20,2,23,262.734709,0.785107064,0.784375128,1,20,0.689655,0,892911,1,0.689655,2,-73992.19761,10.95469875,1,Anomaly,0.018482561,Australia,Optus
61433752431,30,21,3,24,291.92406,0.636237427,0.818629635,1,21,0.7,0,116405,2,0.7,1,-865418.1942,4.69720737,1,Anomaly,0.018928821,Australia,Telstra
14510673830,29,20,2,23,349.348344,0.263913062,0.841477923,1,20,0.689655,0,704095,3,0.689655,4,195835.3486,8.62659507,1,Anomaly,0.016413302,USA,Verizon
491583644089,26,18,2,20,312.599314,0.399040408,0.546934551,1,18,0.692308,0,461145,4,0.692308,4,-362531.0854,-4.18376833,1,Anomaly,0.012984352,Germany,O2 DE
61428733427,29,20,2,23,291.267749,0.391555507,0.57099427,1,20,0.689655,0,507286,2,0.689655,2,-593326.5339,7.33529258,1,Anomaly,0.028444522,Australia,Telstra
491583046990,26,18,2,20,330.465062,0.511308582,0.670015366,1,18,0.692308,0,327558,4,0.692308,1,738947.703,-8.35178446,1,Anomaly,0.029140395,Germany,T-Mobile DE
14173173936,29,20,2,23,282.161501,0.298141438,0.526375323,1,20,0.689655,0,780233,3,0.689655,2,-476876.7452,0.640827,1,Anomaly,0.019945546,USA,Verizon
19407535560,26,18,2,20,324.125238,0.111353931,0.587318094,1,18,0.692308,0,712401,4,0.692308,2,-695177.1796,-8.5067357,1,Anomaly,0.017596795,USA,T-Mobile
447785477725,26,18,2,20,322.031353,0.441821425,0.841829573,1,18,0.692308,0,668471,1,0.692308,4,-932352.4857,17.33486916,1,Anomaly,0.028903762,UK,Vodafone UK
19830623120,29,20,2,23,295.600966,0.142315083,0.646410014,1,20,0.689655,0,746467,4,0.689655,3,-968536.4663,1.61062425,1,Anomaly,0.01822677,USA,Verizon
17434840862,25,17,2,20,302.43854,0.268678183,0.63384659,1,17,0.68,0,364679,3,0.68,2,589872.6642,-21.04903781,1,Anomaly,0.029185956,USA,Verizon
61493341016,28,19,2,22,305.270144,0.139280457,0.206615121,1,19,0.678571,0,279708,1,0.678571,3,690659.5891,7.2453621,1,Anomaly,0.016625412,Australia,Optus
17410339740,30,21,3,24,342.558481,0.729518156,0.594456905,1,21,0.7,0,134500,2,0.7,2,-968683.8096,-14.64209423,1,Anomaly,0.012883831,USA,Verizon
61414293968,28,19,2,22,325.560926,0.197965416,0.891934571,1,19,0.678571,0,859340,1,0.678571,4,490913.1225,-7.70702509,1,Anomaly,0.011953716,Australia,Optus
447159996504,28,19,2,22,272.813839,0.487126407,0.462798897,1,19,0.678571,0,294760,4,0.678571,0,544334.8083,-10.23102596,1,Anomaly,0.014928996,UK,O2
12854262655,25,17,2,20,250.519522,0.315787219,0.451942248,1,17,0.68,0,382870,1,0.68,1,-825405.5353,-3.4510242,1,Anomaly,0.021139701,USA,Verizon
16181015819,27,18,2,21,336.371818,0.10863843,0.489667049,1,18,0.666667,0,917018,1,0.666667,4,810415.1486,23.9086532,1,Anomaly,0.021439209,Canada,Telus
447622444721,28,19,2,22,277.596187,0.309826578,0.747866637,1,19,0.678571,0,478666,3,0.678571,1,441798.9049,-0.20987816,1,Anomaly,0.022333376,UK,Vodafone UK
61412406596,28,19,2,22,283.473622,0.670832829,0.801655927,1,19,0.678571,0,723266,2,0.678571,2,-358669.6892,22.3639461,1,Anomaly,0.01401703,Australia,Optus
491565479356,28,19,2,22,286.501554,0.752447007,0.339860034,1,19,0.678571,0,672133,2,0.678571,4,-946167.7826,11.36066819,1,Anomaly,0.028859498,Germany,Vodafone DE
447741672434,26,18,2,20,321.523639,0.652353734,0.251775595,1,18,0.692308,0,726979,4,0.692308,4,-198389.8053,0.33063215,1,Anomaly,0.028407844,UK,EE
61480589113,30,21,3,24,285.500882,0.552899894,0.231007685,1,21,0.7,0,776364,4,0.7,2,931433.5554,-3.47722281,1,Anomaly,0.010210955,Australia,Vodafone AU
491588899375,28,19,2,22,327.234223,0.51201297,0.550326047,1,19,0.678571,0,461724,1,0.678571,3,-790901.284,-4.20122857,1,Anomaly,0.029234557,Germany,Vodafone DE
19482545738,27,18,2,21,297.616253,0.406716157,0.687734286,1,18,0.666667,0,434400,1,0.666667,2,-910633.8946,10.53894949,1,Anomaly,0.010451702,USA,AT&T
491712382825,28,19,2,22,345.846262,0.262298883,0.483533205,1,19,0.678571,0,293411,2,0.678571,3,-208835.2437,11.86941848,1,Anomaly,0.027661947,Germany,O2 DE
61496603341,25,17,2,20,329.950236,0.475822307,0.456055121,1,17,0.68,0,306647,4,0.68,0,-475293.2091,18.13182737,1,Anomaly,0.0205543,Australia,Vodafone AU
491769691557,26,18,2,20,331.373825,0.594191853,0.408211384,1,18,0.692308,0,744333,1,0.692308,1,-373628.5103,-13.07136368,1,Anomaly,0.012338978,Germany,O2 DE
491728669296,26,18,2,20,298.667022,0.476165489,0.843412698,1,18,0.692308,0,281649,2,0.692308,3,-422330.4519,-15.645071,1,Anomaly,0.026839704,Germany,Vodafone DE
12555072368,30,21,3,24,299.496985,0.579287669,0.490941305,1,21,0.7,0,980690,4,0.7,3,-665493.0251,3.26988996,1,Anomaly,0.025917618,Canada,Telus
447404384279,28,19,2,22,304.972618,0.179247697,0.279944656,1,19,0.678571,0,912764,3,0.678571,4,645221.8556,-22.91947389,1,Anomaly,0.024379605,UK,EE
14246134074,25,17,2,20,293.90699,0.795770379,0.742942155,1,17,0.68,0,348455,2,0.68,4,378267.1742,18.05243481,1,Anomaly,0.022205236,Canada,Bell
61429233095,27,18,2,21,309.685769,0.217864155,0.885300109,1,18,0.666667,0,406849,3,0.666667,4,-465313.8674,17.90084225,1,Anomaly,0.029709766,Australia,Vodafone AU
13396042232,27,18,2,21,332.84818,0.633031511,0.673364188,1,18,0.666667,0,613234,2,0.666667,4,264803.9649,6.39064104,1,Anomaly,0.017503447,USA,T-Mobile
18491684577,29,20,2,23,250.247309,0.641894703,0.712906819,1,20,0.689655,0,866437,4,0.689655,2,700212.4796,14.78389633,1,Anomaly,0.017954317,USA,AT&T
61437454589,29,20,2,23,335.242258,0.651812557,0.825908261,1,20,0.689655,0,899281,1,0.689655,0,-800850.5162,14.19448809,1,Anomaly,0.019191635,Australia,Telstra
13627706324,27,18,2,21,259.333998,0.352304768,0.257694371,1,18,0.666667,0,796787,2,0.666667,0,-207316.8661,-9.72453776,1,Anomaly,0.023988827,USA,Verizon
447611037129,29,20,2,23,317.998273,0.106500863,0.686917975,1,20,0.689655,0,956800,1,0.689655,3,388062.0022,-1.11498793,1,Anomaly,0.014578937,UK,Vodafone UK
916155426221,29,20,2,23,250.847474,0.555014149,0.508069595,1,20,0.689655,0,857524,2,0.689655,1,839788.2493,5.80380063,0,Normal,-0.155761613,India,Jio
12891219656,26,18,2,20,274.778637,0.551234398,0.373716919,1,18,0.692308,0,730193,3,0.692308,0,695784.2089,7.9202685,0,Normal,-0.169835067,USA,AT&T
61498364037,25,17,2,20,274.108176,0.546657631,0.249708401,1,17,0.68,0,112653,3,0.68,2,-736034.2385,18.0407002,0,Normal,-0.143161961,Australia,Optus
447827109104,25,17,2,20,342.257929,0.764075998,0.478582517,1,17,0.68,0,400404,4,0.68,3,403621.2772,-20.8786094,0,Normal,-0.146343518,UK,Vodafone UK
61424141832,27,18,2,21,289.07315,0.544005973,0.784168528,1,18,0.666667,0,814138,1,0.666667,2,397351.7632,11.49791887,0,Normal,-0.115353188,Australia,Vodafone AU
917161799042,25,17,2,20,320.790061,0.591049728,0.314682842,1,17,0.68,0,463546,3,0.68,1,-256261.1382,12.4888192,0,Normal,-0.112653994,India,Airtel
966500564814,29,20,2,23,312.753283,0.447303298,0.557547316,1,20,0.689655,0,158132,4,0.689655,4,-666237.2147,-17.13450094,0,Normal,-0.122667105,Saudi Arabia,Zain KSA
61413800030,27,18,2,21,288.297947,0.205059268,0.851812054,1,18,0.666667,0,999138,1,0.666667,4,606230.9729,10.70104008,0,Normal,-0.134429671,Australia,Optus
15303654195,29,20,2,23,317.332572,0.136870504,0.356229543,1,20,0.689655,0,640828,1,0.689655,3,-862147.1245,-1.7452911,0,Normal,-0.171769313,USA,Verizon
15195187053,29,20,2,23,328.450722,0.617703191,0.369808795,1,20,0.689655,0,486162,4,0.689655,1,464926.6735,2.32796213,0,Normal,-0.120402646,Canada,Bell
12076038505,30,21,3,24,287.627483,0.616657862,0.415257446,1,21,0.7,0,315161,2,0.7,3,-15942.2463,-22.00524622,0,Normal,-0.100304073,USA,Verizon
966541038657,25,17,2,20,308.077063,0.453799435,0.646050976,1,17,0.68,0,513507,1,0.68,4,135641.4566,-3.25085608,0,Normal,-0.103578173,Saudi Arabia,Zain KSA
14994565574,25,17,2,20,344.355469,0.195278292,0.739102634,1,17,0.68,0,214266,2,0.68,0,-671250.0386,-1.69724438,0,Normal,-0.159348745,USA,Verizon
61453747411,30,21,3,24,280.421498,0.593293363,0.622311741,1,21,0.7,0,325465,3,0.7,1,-817574.1924,-12.58906053,0,Normal,-0.164425724,Australia,Telstra
61404420678,29,20,2,23,274.985263,0.423430274,0.762727727,1,20,0.689655,0,246583,1,0.689655,0,-876661.631,14.04799967,0,Normal,-0.177771187,Australia,Vodafone AU
16115199410,26,18,2,20,340.249608,0.410401927,0.290154084,1,18,0.692308,0,988432,3,0.692308,0,-914607.3618,-1.9502539,0,Normal,-0.183201079,USA,Verizon
61466706625,26,18,2,20,277.498177,0.412208001,0.304041986,1,18,0.692308,0,743937,2,0.692308,2,-2216.780007,19.13892871,0,Normal,-0.152096907,Australia,Telstra
918626383806,27,18,2,21,297.968444,0.647004574,0.440823884,1,18,0.666667,0,693128,3,0.666667,3,-459128.6305,-23.69685161,0,Normal,-0.140288365,India,Jio
918078593213,26,18,2,20,276.6527,0.671399613,0.842081638,1,18,0.692308,0,158624,2,0.692308,4,693010.1809,14.86953437,0,Normal,-0.164519537,India,Jio
13782395590,30,21,3,24,285.168215,0.497355956,0.299471603,1,21,0.7,0,297377,4,0.7,4,-381893.8557,-0.47817899,0,Normal,-0.190974262,Canada,Telus
18173087059,26,18,2,20,284.075904,0.224221911,0.761697111,1,18,0.692308,0,439307,1,0.692308,0,-704575.962,10.23481709,0,Normal,-0.185834734,USA,Verizon
918156915452,30,21,3,24,344.869353,0.654289767,0.87246347,1,21,0.7,0,780714,3,0.7,1,414365.8425,3.09886548,0,Normal,-0.111039978,India,Airtel
61453926442,30,21,3,24,250.179791,0.591405914,0.600984355,1,21,0.7,0,992083,1,0.7,1,204777.3349,21.05191082,0,Normal,-0.103246831,Australia,Telstra
18559172513,27,18,2,21,266.788742,0.719724177,0.262108209,1,18,0.666667,0,843404,3,0.666667,3,-977208.7594,-14.51578578,0,Normal,-0.130682392,USA,AT&T
447410067626,28,19,2,22,285.123117,0.362743299,0.780164884,1,19,0.678571,0,927043,2,0.678571,1,-97425.16169,14.95972829,0,Normal,-0.196658721,UK,O2
918411526218,27,18,2,21,309.403054,0.529551308,0.537915751,1,18,0.666667,0,132498,4,0.666667,1,214635.2513,-3.28998076,0,Normal,-0.194644426,India,Airtel
447336884443,25,17,2,20,289.290221,0.484763843,0.543663793,1,17,0.68,0,157152,3,0.68,0,-144788.0851,-10.27252755,0,Normal,-0.133797977,UK,Vodafone UK
61473103241,25,17,2,20,280.83534,0.378227144,0.542367768,1,17,0.68,0,793150,3,0.68,0,283732.7651,-5.62364415,0,Normal,-0.162897948,Australia,Optus
491627047743,29,20,2,23,256.163937,0.626564599,0.667227921,1,20,0.689655,0,189870,3,0.689655,4,-172026.6943,12.82284431,0,Normal,-0.177248724,Germany,Vodafone DE
919868793741,30,21,3,24,253.472849,0.499853955,0.561772178,1,21,0.7,0,699245,2,0.7,0,898509.6329,-2.54801319,0,Normal,-0.105093852,India,Vi
14173206163,26,18,2,20,333.410812,0.280520452,0.83756314,1,18,0.692308,0,946561,1,0.692308,0,-223801.694,-5.13225028,0,Normal,-0.167387319,USA,T-Mobile
447870998616,26,18,2,20,306.659393,0.507873961,0.875382165,1,18,0.692308,0,205071,1,0.692308,4,559089.3939,14.28728152,0,Normal,-0.113252473,UK,Vodafone UK
447646799702,28,19,2,22,264.385267,0.526058685,0.685562877,1,19,0.678571,0,140666,4,0.678571,2,381027.5083,-22.53545122,0,Normal,-0.152478181,UK,O2
447505444713,27,18,2,21,347.421942,0.410177429,0.778076332,1,18,0.666667,0,382507,4,0.666667,4,291109.6229,-15.60321546,0,Normal,-0.17886095,UK,Vodafone UK
16177850821,30,21,3,24,300.679528,0.194954875,0.795906739,1,21,0.7,0,696296,1,0.7,1,-614473.1063,16.64649665,0,Normal,-0.116302332,Canada,Bell
12347053457,28,19,2,22,313.540981,0.186711001,0.221394235,1,19,0.678571,0,490559,4,0.678571,4,-107793.1348,23.02601891,0,Normal,-0.152541771,USA,T-Mobile
61455241406,26,18,2,20,335.382133,0.645881095,0.350023011,1,18,0.692308,0,332103,2,0.692308,1,-461832.8415,-4.52464018,0,Normal,-0.197994764,Australia,Telstra
19860722903,29,20,2,23,330.508557,0.313821789,0.87691711,1,20,0.689655,0,773962,3,0.689655,3,790965.9501,17.57930865,0,Normal,-0.154100198,Canada,Bell
16784896910,30,21,3,24,346.648545,0.687564894,0.593019982,1,21,0.7,0,722615,3,0.7,2,368826.2717,-0.91307906,0,Normal,-0.166371635,USA,T-Mobile
447544432830,28,19,2,22,316.053032,0.576529025,0.704898238,1,19,0.678571,0,787237,4,0.678571,2,-481147.4546,-4.0717157,0,Normal,-0.161172508,UK,EE
917538758428,27,18,2,21,259.760306,0.189560898,0.381056295,1,18,0.666667,0,947609,2,0.666667,2,308869.2887,-13.88732442,0,Normal,-0.177667207,India,Airtel
15156554947,28,19,2,22,255.367695,0.544077721,0.606219176,1,19,0.678571,0,750803,1,0.678571,3,778852.1229,0.02386872,0,Normal,-0.113250225,Canada,Rogers
491746022356,28,19,2,22,264.322415,0.70367576,0.326249738,1,19,0.678571,0,184736,4,0.678571,2,262065.5445,-16.15878667,0,Normal,-0.136550103,Germany,O2 DE
919432927129,30,21,3,24,292.940972,0.400317814,0.534180193,1,21,0.7,0,104895,1,0.7,4,-601171.4975,-6.34492973,0,Normal,-0.198592288,India,Vi
447830033542,28,19,2,22,300.333648,0.314280564,0.245700916,1,19,0.678571,0,147939,3,0.678571,2,-88147.37606,1.01442061,0,Normal,-0.147588236,UK,Vodafone UK
491725753260,26,18,2,20,322.716883,0.191844043,0.713853634,1,18,0.692308,0,718337,2,0.692308,0,-266817.0972,7.52701901,0,Normal,-0.196263657,Germany,T-Mobile DE
966548909010,30,21,3,24,261.578983,0.411020002,0.286516544,1,21,0.7,0,365015,4,0.7,1,-589010.1687,9.28700143,0,Normal,-0.199069545,Saudi Arabia,STC
491718499261,30,21,3,24,311.769796,0.297894738,0.749332046,1,21,0.7,0,621917,2,0.7,4,-600501.2277,-11.85030422,0,Normal,-0.147685389,Germany,O2 DE
15676420873,28,19,2,22,283.060362,0.101916599,0.670143193,1,19,0.678571,0,215795,4,0.678571,1,898892.0315,13.97631113,0,Normal,-0.192495179,USA,T-Mobile
966504374470,26,18,2,20,337.414045,0.69657408,0.452150265,1,18,0.692308,0,809641,3,0.692308,3,477080.3916,-20.25007648,0,Normal,-0.1241796,Saudi Arabia,STC
916225579415,26,18,2,20,261.3832,0.380175158,0.519577081,1,18,0.692308,0,976303,4,0.692308,3,599798.1939,7.44232419,0,Normal,-0.120309044,India,Vi
917021697972,28,19,2,22,327.916429,0.527950893,0.803803042,1,19,0.678571,0,979269,2,0.678571,3,840795.9713,-19.35312603,0,Normal,-0.158871574,India,Jio
916450899358,30,21,3,24,320.058018,0.166669497,0.663199284,1,21,0.7,0,360651,4,0.7,2,327421.2878,7.07022264,0,Normal,-0.185134555,India,Jio
17729002877,25,17,2,20,325.143,0.324443671,0.43162639,1,17,0.68,0,391668,1,0.68,4,-554586.9537,7.16586574,0,Normal,-0.159672301,Canada,Rogers
12817797177,25,17,2,20,348.067074,0.621667275,0.21243839,1,17,0.68,0,523037,4,0.68,0,114262.0228,-24.99151423,0,Normal,-0.190910445,USA,AT&T
61494883755,26,18,2,20,334.431744,0.332380838,0.73719148,1,18,0.692308,0,729094,4,0.692308,2,431827.0006,-19.29883208,0,Normal,-0.124068005,Australia,Telstra
12035548851,26,18,2,20,299.242214,0.675287062,0.719757623,1,18,0.692308,0,529088,1,0.692308,2,221703.5323,-15.62282997,0,Normal,-0.106978374,USA,Verizon
491573516091,28,19,2,22,315.84567,0.769333225,0.29424521,1,19,0.678571,0,623059,1,0.678571,4,472427.8606,2.66131645,0,Normal,-0.156718962,Germany,Vodafone DE
61478292216,29,20,2,23,310.616077,0.325290633,0.816973397,1,20,0.689655,0,539001,2,0.689655,2,-204260.0071,-7.8570597,0,Normal,-0.170582646,Australia,Vodafone AU
13372698485,30,21,3,24,343.551208,0.542808299,0.340622358,1,21,0.7,0,754487,3,0.7,2,842383.5288,-18.36641357,0,Normal,-0.128960356,Canada,Telus
17168515879,30,21,3,24,321.012363,0.57197044,0.825706201,1,21,0.7,0,659837,3,0.7,3,616609.5587,1.13649931,0,Normal,-0.197472786,USA,T-Mobile
12550342442,30,21,3,24,328.43574,0.242800632,0.578820461,1,21,0.7,0,476105,4,0.7,0,232217.6675,8.77630068,0,Normal,-0.143811502,USA,Verizon
19618638406,28,19,2,22,345.670197,0.783075905,0.418857787,1,19,0.678571,0,678944,1,0.678571,0,487339.9325,-14.84563886,0,Normal,-0.113115004,USA,AT&T
16543598933,28,19,2,22,267.74259,0.577861196,0.330883607,1,19,0.678571,0,282237,1,0.678571,3,-918731.5341,-11.04438768,0,Normal,-0.17357604,Canada,Bell
17994057202,29,20,2,23,255.085544,0.752667306,0.630926073,1,20,0.689655,0,794042,3,0.689655,3,579816.3648,2.50800899,0,Normal,-0.19271192,USA,AT&T
966548328182,29,20,2,23,303.703595,0.164361888,0.354838657,1,20,0.689655,0,323717,3,0.689655,2,-278404.3507,-14.07773571,0,Normal,-0.124734431,Saudi Arabia,Mobily
61478015739,26,18,2,20,345.889682,0.577785953,0.424655907,1,18,0.692308,0,934883,1,0.692308,3,-486818.8867,11.19878042,0,Normal,-0.197529427,Australia,Vodafone AU
61458877043,29,20,2,23,258.234545,0.167169502,0.880140139,1,20,0.689655,0,910883,1,0.689655,0,-578437.0501,6.4757242,0,Normal,-0.178682487,Australia,Optus
966551386120,30,21,3,24,283.171538,0.161264629,0.23798765,1,21,0.7,0,932794,3,0.7,4,-859115.8155,16.08096593,0,Normal,-0.108901343,Saudi Arabia,Mobily
491676650618,30,21,3,24,322.028568,0.144266314,0.722165722,1,21,0.7,0,147727,1,0.7,2,856095.5003,-19.69322291,0,Normal,-0.12131081,Germany,T-Mobile DE
447914766072,26,18,2,20,263.638146,0.373694796,0.758239229,1,18,0.692308,0,672233,3,0.692308,1,-403886.9936,19.34890595,0,Normal,-0.103463461,UK,EE
19475088210,29,20,2,23,309.665489,0.476006434,0.862885572,1,20,0.689655,0,419491,2,0.689655,2,-576526.1142,20.28140152,0,Normal,-0.114854115,Canada,Rogers
13652394312,29,20,2,23,335.225113,0.695971406,0.852658906,1,20,0.689655,0,675512,4,0.689655,4,-853710.8557,8.58426246,0,Normal,-0.174931239,USA,T-Mobile
19449755231,29,20,2,23,256.980888,0.235448998,0.540102861,1,20,0.689655,0,444295,3,0.689655,4,-695210.0759,3.34309465,0,Normal,-0.119230024,USA,AT&T
491505336452,30,21,3,24,283.156295,0.435967779,0.511750581,1,21,0.7,0,912402,3,0.7,3,103343.6523,-16.21149196,0,Normal,-0.139337233,Germany,O2 DE
14882834110,30,21,3,24,253.119423,0.507323343,0.483594127,1,21,0.7,0,718697,2,0.7,0,103187.9971,2.1734662,0,Normal,-0.100127182,Canada,Telus
491725639427,29,20,2,23,259.055402,0.354705891,0.207414178,1,20,0.689655,0,350484,2,0.689655,4,-719258.6147,-17.0388791,0,Normal,-0.143364275,Germany,O2 DE
61427503731,27,18,2,21,273.401867,0.56800992,0.562519661,1,18,0.666667,0,929906,3,0.666667,3,-60651.54198,-2.26782751,0,Normal,-0.195356254,Australia,Optus
966541844989,28,19,2,22,315.367531,0.355707745,0.657335583,1,19,0.678571,0,976052,1,0.678571,4,-496827.1795,23.63370542,0,Normal,-0.177710075,Saudi Arabia,STC
491657790827,26,18,2,20,257.708823,0.550433902,0.348061973,1,18,0.692308,0,295984,2,0.692308,2,204040.5529,15.84775378,0,Normal,-0.133889036,Germany,T-Mobile DE
491617773926,26,18,2,20,254.314433,0.501440558,0.312790398,1,18,0.692308,0,760120,1,0.692308,4,-706269.7998,-16.68293168,0,Normal,-0.107755313,Germany,T-Mobile DE
61469904137,28,19,2,22,336.73024,0.219396749,0.781254502,1,19,0.678571,0,730025,2,0.678571,4,640906.3603,-15.90579241,0,Normal,-0.134035125,Australia,Vodafone AU
447257991366,25,17,2,20,251.656263,0.46589794,0.836537456,1,17,0.68,0,817611,4,0.68,1,211022.0357,-16.12889078,0,Normal,-0.109839178,UK,Vodafone UK
61408811729,25,17,2,20,339.696895,0.642409296,0.654462215,1,17,0.68,0,647403,4,0.68,2,749648.6015,9.88214036,0,Normal,-0.157104374,Australia,Vodafone AU
16946599162,28,19,2,22,326.585889,0.73705975,0.258672307,1,19,0.678571,0,727354,4,0.678571,2,-621957.9726,10.45744186,0,Normal,-0.121057752,Canada,Bell
61481806356,25,17,2,20,265.477858,0.556103154,0.377542908,1,17,0.68,0,996508,4,0.68,4,-268711.8111,-11.22197286,0,Normal,-0.131939429,Australia,Optus
14096887258,28,19,2,22,275.377765,0.314657161,0.441049413,1,19,0.678571,0,839764,4,0.678571,1,709997.8456,7.96414246,0,Normal,-0.12521858,Canada,Telus
491721386589,30,21,3,24,320.678993,0.212516606,0.875199176,1,21,0.7,0,105547,1,0.7,1,-56662.67982,5.01227209,0,Normal,-0.191185931,Germany,O2 DE
447351906698,30,21,3,24,346.352982,0.140224124,0.741525917,1,21,0.7,0,283785,4,0.7,3,-978579.2052,17.52838182,0,Normal,-0.106924153,UK,O2
61443098839,30,21,3,24,253.606113,0.267479638,0.20020109,1,21,0.7,0,265092,1,0.7,2,559345.758,-7.34361683,0,Normal,-0.160485688,Australia,Telstra
61438011848,27,18,2,21,284.747509,0.670860416,0.358406859,1,18,0.666667,0,303974,4,0.666667,3,149813.4435,-11.94462472,0,Normal,-0.159286537,Australia,Vodafone AU
916845184894,28,19,2,22,346.605546,0.494218023,0.738977035,1,19,0.678571,0,894268,3,0.678571,3,363189.3465,19.82619114,0,Normal,-0.113797672,India,Jio
491541633565,29,20,2,23,250.972319,0.682523931,0.373780327,1,20,0.689655,0,197527,4,0.689655,2,-847942.3589,21.56981199,0,Normal,-0.152344455,Germany,O2 DE
447394237333,26,18,2,20,272.920753,0.684458336,0.785434297,1,18,0.692308,0,473321,2,0.692308,0,-760243.0147,-21.07562137,0,Normal,-0.104422032,UK,O2
491708075957,27,18,2,21,299.080535,0.789076278,0.841204781,1,18,0.666667,0,393880,4,0.666667,1,500338.7716,-18.58770249,0,Normal,-0.147426456,Germany,O2 DE
491680856271,29,20,2,23,296.007059,0.582447384,0.208273985,1,20,0.689655,0,320989,4,0.689655,4,-798504.3477,-6.91988371,0,Normal,-0.113815798,Germany,O2 DE
17624347955,28,19,2,22,292.394288,0.39336506,0.726537034,1,19,0.678571,0,482812,4,0.678571,2,-98542.01704,3.57048591,0,Normal,-0.102072755,USA,Verizon
966531438663,30,21,3,24,264.954806,0.663967853,0.323625094,1,21,0.7,0,623866,2,0.7,4,67965.17552,-9.21363764,0,Normal,-0.15133798,Saudi Arabia,STC
447890612034,30,21,3,24,259.630189,0.621215254,0.381838385,1,21,0.7,0,477808,3,0.7,2,-960329.3328,-18.93812554,0,Normal,-0.113263142,UK,O2
61439982455,29,20,2,23,298.749374,0.615568315,0.822742714,1,20,0.689655,0,499581,3,0.689655,3,263424.381,-17.75758309,0,Normal,-0.183242446,Australia,Vodafone AU
15466996112,26,18,2,20,281.348206,0.557109168,0.69730344,1,18,0.692308,0,734792,4,0.692308,2,775383.6132,14.04870185,0,Normal,-0.106123017,Canada,Bell
966568762202,26,18,2,20,316.202255,0.758306136,0.69048785,1,18,0.692308,0,183953,2,0.692308,1,-205908.8334,-20.22231405,0,Normal,-0.106320634,Saudi Arabia,Zain KSA
491700681149,25,17,2,20,315.483268,0.719829922,0.416559457,1,17,0.68,0,359414,3,0.68,3,252961.3693,-18.43614447,0,Normal,-0.116148222,Germany,T-Mobile DE
916557784872,29,20,2,23,267.703664,0.518308939,0.641733266,1,20,0.689655,0,766738,4,0.689655,4,279573.0179,1.68920655,0,Normal,-0.109107685,India,Jio
491731745642,25,17,2,20,250.009235,0.670765852,0.793562542,1,17,0.68,0,460589,3,0.68,3,70197.77608,9.38849819,0,Normal,-0.150806835,Germany,Vodafone DE
16894064930,27,18,2,21,268.857098,0.717513448,0.505974456,1,18,0.666667,0,362035,2,0.666667,3,656853.7113,-13.97037869,0,Normal,-0.192079027,Canada,Telus
966538944846,25,17,2,20,268.240718,0.30271671,0.645824897,1,17,0.68,0,747736,4,0.68,2,400945.1959,-0.4001993,0,Normal,-0.167935628,Saudi Arabia,STC
12518021442,28,19,2,22,322.710707,0.262967349,0.305478586,1,19,0.678571,0,617555,2,0.678571,2,-159513.9457,14.28626694,0,Normal,-0.150160424,USA,T-Mobile
447705120461,28,19,2,22,268.160374,0.726989285,0.375055627,1,19,0.678571,0,500112,1,0.678571,0,949197.0058,10.73412606,0,Normal,-0.16152021,UK,EE
491503718376,27,18,2,21,343.621525,0.211028005,0.709765955,1,18,0.666667,0,880900,1,0.666667,2,-37540.81371,-10.05934581,0,Normal,-0.163957334,Germany,O2 DE
917136502491,26,18,2,20,250.892986,0.129395358,0.748432668,1,18,0.692308,0,598357,2,0.692308,2,541594,-12.56388718,0,Normal,-0.150008079,India,Vi
966565005281,28,19,2,22,273.267463,0.787172998,0.751993278,1,19,0.678571,0,893454,3,0.678571,3,466377.6635,-23.93235837,0,Normal,-0.162223106,Saudi Arabia,STC
966534077848,28,19,2,22,268.977584,0.23063871,0.443365275,1,19,0.678571,0,867979,4,0.678571,2,735323.6799,4.93399721,0,Normal,-0.113943914,Saudi Arabia,Zain KSA
12718274485,25,17,2,20,327.591791,0.454170413,0.713560419,1,17,0.68,0,119629,3,0.68,4,-522426.8836,11.05017813,0,Normal,-0.134171058,USA,AT&T
61463878294,28,19,2,22,314.090393,0.177324894,0.566240377,1,19,0.678571,0,169918,1,0.678571,1,-642722.3999,-23.4363123,0,Normal,-0.189294483,Australia,Optus
13020967899,25,17,2,20,286.635402,0.524167537,0.249611773,1,17,0.68,0,318877,4,0.68,0,-63881.71314,6.94583582,0,Normal,-0.163907395,USA,AT&T
966555094801,25,17,2,20,344.460348,0.772410722,0.267983475,1,17,0.68,0,860397,2,0.68,4,-229337.8235,-15.34402761,0,Normal,-0.134312349,Saudi Arabia,Mobily
61428861957,30,21,3,24,292.707499,0.172871678,0.754723118,1,21,0.7,0,676680,4,0.7,4,-324974.2589,-17.09117721,0,Normal,-0.100156643,Australia,Vodafone AU
491658556659,29,20,2,23,304.562624,0.362544152,0.585167094,1,20,0.689655,0,880746,3,0.689655,2,923303.5513,-2.62501055,0,Normal,-0.160290944,Germany,T-Mobile DE
966504908240,26,18,2,20,271.482281,0.320433273,0.74006615,1,18,0.692308,0,823222,3,0.692308,4,22542.97668,3.53341025,0,Normal,-0.142838817,Saudi Arabia,Mobily
916752245933,27,18,2,21,259.190512,0.379858774,0.842517262,1,18,0.666667,0,869933,1,0.666667,2,585808.3886,-16.35487546,0,Normal,-0.117429476,India,Vi
966561940961,27,18,2,21,284.793021,0.67199919,0.491565199,1,18,0.666667,0,226395,2,0.666667,4,857306.3316,6.69435515,0,Normal,-0.136780638,Saudi Arabia,STC
918805892583,25,17,2,20,317.363524,0.798157112,0.879728171,1,17,0.68,0,889410,1,0.68,1,-136128.6597,14.31841492,0,Normal,-0.18519876,India,Airtel
447179086416,28,19,2,22,327.382514,0.191262622,0.294409535,1,19,0.678571,0,686464,2,0.678571,3,-209362.3928,3.56653415,0,Normal,-0.143883239,UK,EE
966563314659,25,17,2,20,317.174755,0.396478422,0.4438155,1,17,0.68,0,436318,3,0.68,4,310819.7156,13.4840646,0,Normal,-0.183074474,Saudi Arabia,STC
447979270335,30,21,3,24,335.276415,0.178660219,0.238176609,1,21,0.7,0,751168,2,0.7,2,-972533.4146,9.68976125,0,Normal,-0.188872201,UK,Vodafone UK
491605383388,29,20,2,23,298.302633,0.610946508,0.298943195,1,20,0.689655,0,832697,1,0.689655,3,166009.8867,8.1764171,0,Normal,-0.195651799,Germany,Vodafone DE
12624394070,28,19,2,22,316.037283,0.564087145,0.839008146,1,19,0.678571,0,477717,1,0.678571,0,-415008.8449,19.17011576,0,Normal,-0.161347677,USA,Verizon
491715798123,28,19,2,22,306.068754,0.598728433,0.227826682,1,19,0.678571,0,655132,3,0.678571,2,-20134.30903,12.21953599,0,Normal,-0.198162777,Germany,O2 DE
966545438404,25,17,2,20,344.41367,0.764381493,0.357907888,1,17,0.68,0,458388,4,0.68,1,-824409.9657,-5.88964391,0,Normal,-0.103939431,Saudi Arabia,Mobily
61436392649,28,19,2,22,304.223375,0.244730092,0.297003569,1,19,0.678571,0,667650,2,0.678571,1,-382003.2077,10.25681939,0,Normal,-0.147619452,Australia,Optus
16412925188,25,17,2,20,268.413522,0.687665757,0.301865982,1,17,0.68,0,130915,3,0.68,3,922392.3744,-9.83259475,0,Normal,-0.125439027,USA,T-Mobile
18534231220,29,20,2,23,276.686261,0.496930165,0.361637944,1,20,0.689655,0,343461,2,0.689655,0,-281477.3309,9.40706424,0,Normal,-0.152339778,Canada,Telus
61497526772,26,18,2,20,272.627306,0.386012412,0.878170557,1,18,0.692308,0,382967,4,0.692308,1,484733.3233,24.41217087,0,Normal,-0.124222341,Australia,Telstra
917797573660,30,21,3,24,332.432851,0.604140639,0.475905496,1,21,0.7,0,878533,1,0.7,4,-781367.4144,-2.1549788,0,Normal,-0.112223303,India,Jio
17328608680,27,18,2,21,293.955387,0.719078303,0.741573909,1,18,0.666667,0,399803,4,0.666667,1,-155075.6351,5.65671396,0,Normal,-0.194545333,USA,Verizon
61427718129,29,20,2,23,263.530667,0.389491514,0.515620098,1,20,0.689655,0,287567,4,0.689655,4,793235.0146,19.78974536,0,Normal,-0.111745155,Australia,Vodafone AU
918521117518,28,19,2,22,322.687384,0.782633998,0.628450774,1,19,0.678571,0,267666,4,0.678571,4,-238785.9815,13.41301619,0,Normal,-0.108774722,India,Jio
61422220644,28,19,2,22,278.878054,0.226487218,0.828979339,1,19,0.678571,0,312705,1,0.678571,4,530791.6143,-24.38961176,0,Normal,-0.150237239,Australia,Vodafone AU
491709733977,28,19,2,22,257.940492,0.520071473,0.37129922,1,19,0.678571,0,673929,3,0.678571,4,257270.8511,16.00606957,0,Normal,-0.17923624,Germany,Vodafone DE
13520502099,27,18,2,21,342.03847,0.134321954,0.491869847,1,18,0.666667,0,286906,2,0.666667,2,222179.5121,9.5756809,0,Normal,-0.140503101,USA,AT&T
17762795014,27,18,2,21,339.752978,0.67418532,0.730909391,1,18,0.666667,0,984274,1,0.666667,2,-58366.31157,-18.8988385,0,Normal,-0.114059206,Canada,Bell
447868339019,30,21,3,24,302.894662,0.161368819,0.706851897,1,21,0.7,0,734155,3,0.7,3,217689.2139,-9.17557208,0,Normal,-0.147460877,UK,EE
61452997877,29,20,2,23,273.272164,0.303341645,0.335488806,1,20,0.689655,0,223949,1,0.689655,3,250921.4848,-19.1037138,0,Normal,-0.115193021,Australia,Telstra
18316605583,30,21,3,24,270.118714,0.297138692,0.753136852,1,21,0.7,0,422722,3,0.7,4,99987.19877,13.35163005,0,Normal,-0.188616324,Canada,Rogers
447569902355,28,19,2,22,341.616305,0.658078069,0.651956554,1,19,0.678571,0,604884,2,0.678571,3,784116.6536,1.84837725,0,Normal,-0.166489035,UK,EE
16240849588,26,18,2,20,307.739764,0.332203505,0.841330516,1,18,0.692308,0,934438,3,0.692308,0,939226.5849,-10.97699857,0,Normal,-0.196882684,Canada,Rogers
491782996291,30,21,3,24,335.781948,0.59688801,0.390048192,1,21,0.7,0,191014,4,0.7,1,-256832.8462,16.47287345,0,Normal,-0.169737129,Germany,Vodafone DE
61442150317,25,17,2,20,329.902528,0.73346906,0.307854444,1,17,0.68,0,456637,4,0.68,4,-379282.5822,-8.63310242,0,Normal,-0.12305186,Australia,Vodafone AU
917307681040,29,20,2,23,337.187509,0.333302827,0.822430113,1,20,0.689655,0,208111,3,0.689655,0,155119.6688,-9.39285508,0,Normal,-0.110786442,India,Jio
447334485714,26,18,2,20,277.363689,0.110679702,0.636061474,1,18,0.692308,0,639031,1,0.692308,1,85057.42774,2.46828285,0,Normal,-0.17289479,UK,Vodafone UK
966549321495,28,19,2,22,255.072618,0.12029488,0.832304685,1,19,0.678571,0,152906,1,0.678571,3,-892400.2486,-3.67671274,0,Normal,-0.182101701,Saudi Arabia,Zain KSA
61497954538,28,19,2,22,306.77893,0.165041322,0.761645349,1,19,0.678571,0,832534,4,0.678571,0,-88831.65851,9.22389874,0,Normal,-0.12897841,Australia,Telstra
491633294562,30,21,3,24,283.032796,0.702554115,0.427332762,1,21,0.7,0,611187,1,0.7,0,-49331.27593,-7.42795897,0,Normal,-0.153875832,Germany,O2 DE
14905992816,25,17,2,20,282.586973,0.554615989,0.754701658,1,17,0.68,0,658624,4,0.68,3,181071.9134,-13.07123541,0,Normal,-0.175630894,USA,T-Mobile
16946153966,27,18,2,21,304.452688,0.265308023,0.66382858,1,18,0.666667,0,181678,4,0.666667,0,184326.2702,-1.85457828,0,Normal,-0.14449123,USA,T-Mobile
16562461919,27,18,2,21,299.429515,0.562115331,0.263373103,1,18,0.666667,0,956721,2,0.666667,4,806512.0094,6.806641,0,Normal,-0.199981566,Canada,Bell
18772784699,26,18,2,20,270.566168,0.714197747,0.409814734,1,18,0.692308,0,932932,3,0.692308,3,435582.4438,20.75589573,0,Normal,-0.100971074,USA,AT&T
61409862405,25,17,2,20,250.084331,0.49202118,0.885087361,1,17,0.68,0,215027,3,0.68,0,-529517.6591,10.11109411,0,Normal,-0.160573168,Australia,Vodafone AU
447666683272,29,20,2,23,288.459506,0.74713743,0.787973881,1,20,0.689655,0,261760,3,0.689655,1,-731445.1037,-21.41270017,0,Normal,-0.19842922,UK,Vodafone UK
966556212679,29,20,2,23,267.979738,0.45659044,0.586435021,1,20,0.689655,0,571907,4,0.689655,2,-548518.1632,-3.76140714,0,Normal,-0.199257001,Saudi Arabia,Mobily
491738468950,29,20,2,23,298.326813,0.358005019,0.606188147,1,20,0.689655,0,824038,1,0.689655,1,460370.9389,1.32040269,0,Normal,-0.114064934,Germany,T-Mobile DE
19984781891,28,19,2,22,313.066285,0.564615857,0.668101997,1,19,0.678571,0,817303,3,0.678571,4,-894451.4557,-7.82269145,0,Normal,-0.122147287,Canada,Rogers
491687956544,25,17,2,20,319.505116,0.518345563,0.41284959,1,17,0.68,0,923154,3,0.68,0,258600.1079,3.90705435,0,Normal,-0.142714,Germany,T-Mobile DE
966549047128,27,18,2,21,275.205097,0.531058432,0.39265198,1,18,0.666667,0,369437,1,0.666667,0,207643.0794,20.50657443,0,Normal,-0.126103277,Saudi Arabia,STC
966555243728,27,18,2,21,348.407166,0.777141944,0.616880864,1,18,0.666667,0,961639,2,0.666667,3,505522.5938,-4.35260617,0,Normal,-0.161683301,Saudi Arabia,STC
966552395041,26,18,2,20,296.401493,0.43336236,0.533386368,1,18,0.692308,0,888977,2,0.692308,3,367019.9172,-5.49647567,0,Normal,-0.173737485,Saudi Arabia,STC
61460476580,29,20,2,23,313.742415,0.769328559,0.502250115,1,20,0.689655,0,783740,3,0.689655,2,-459347.7656,15.11581805,0,Normal,-0.174465608,Australia,Telstra
61467393852,29,20,2,23,251.057799,0.105933317,0.247566368,1,20,0.689655,0,531225,1,0.689655,4,-792185.4304,-2.70288983,0,Normal,-0.178058367,Australia,Optus
447430091093,30,21,3,24,262.179013,0.770456736,0.260470462,1,21,0.7,0,734059,2,0.7,3,312789.2578,19.99486076,0,Normal,-0.14339312,UK,EE
13142447174,30,21,3,24,340.339149,0.638916356,0.426382889,1,21,0.7,0,269833,1,0.7,2,554211.9006,-5.86004988,0,Normal,-0.166734526,USA,AT&T
918427173962,28,19,2,22,260.843047,0.47844251,0.501877503,1,19,0.678571,0,743790,1,0.678571,3,430800.6355,-19.8356442,0,Normal,-0.19270805,India,Jio
61447072006,26,18,2,20,320.00552,0.73323228,0.602248176,1,18,0.692308,0,640418,4,0.692308,3,-127884.6651,17.20245768,0,Normal,-0.121906296,Australia,Optus
12728306719,27,18,2,21,283.343971,0.311979654,0.238636271,1,18,0.666667,0,778506,1,0.666667,2,69252.59312,23.0462761,0,Normal,-0.191954322,Canada,Telus
491632806346,30,21,3,24,318.884258,0.440552479,0.819649908,1,21,0.7,0,559259,2,0.7,1,-928603.4227,-23.73176973,0,Normal,-0.100361644,Germany,T-Mobile DE
17016184787,25,17,2,20,283.928511,0.336403023,0.704708392,1,17,0.68,0,525205,1,0.68,1,614207.4116,8.36582092,0,Normal,-0.154162964,USA,Verizon
966562931027,25,17,2,20,297.121964,0.742613353,0.232061185,1,17,0.68,0,835363,2,0.68,0,-655501.9821,-22.50210013,0,Normal,-0.169266267,Saudi Arabia,Zain KSA
13007929111,29,20,2,23,329.917522,0.254400767,0.763117472,1,20,0.689655,0,546915,3,0.689655,3,-351530.118,23.79266347,0,Normal,-0.142403299,Canada,Bell
15303092511,26,18,2,20,325.755009,0.217635597,0.45894914,1,18,0.692308,0,273021,4,0.692308,1,851351.0612,-22.96505528,0,Normal,-0.190003215,USA,AT&T
18489620710,26,18,2,20,342.613696,0.594718874,0.615611366,1,18,0.692308,0,397514,4,0.692308,3,384716.6617,-14.69198907,0,Normal,-0.13601743,Canada,Rogers
61476329092,28,19,2,22,311.204982,0.161614836,0.778538519,1,19,0.678571,0,415830,3,0.678571,3,-990859.9174,-13.21804963,0,Normal,-0.188249218,Australia,Vodafone AU
61419588373,25,17,2,20,269.371899,0.65762908,0.679670628,1,17,0.68,0,597457,4,0.68,1,-680480.8129,21.13365197,0,Normal,-0.194597239,Australia,Optus
447436459701,25,17,2,20,342.486135,0.223121326,0.749844413,1,17,0.68,0,608623,1,0.68,0,790158.3498,11.07015403,0,Normal,-0.140729334,UK,EE
447635315313,28,19,2,22,336.98863,0.362872672,0.354463931,1,19,0.678571,0,593869,4,0.678571,0,780977.6878,-17.7529364,0,Normal,-0.107211288,UK,EE
491565273543,26,18,2,20,253.20946,0.498066083,0.396422908,1,18,0.692308,0,216506,4,0.692308,3,-163552.3413,13.01697915,0,Normal,-0.178014644,Germany,Vodafone DE
447929298316,28,19,2,22,336.219905,0.251509823,0.531442295,1,19,0.678571,0,585242,3,0.678571,0,460035.5093,11.80894296,0,Normal,-0.175334582,UK,EE
447693929060,28,19,2,22,323.34763,0.45295143,0.49798835,1,19,0.678571,0,513474,4,0.678571,0,-95117.26357,-12.97442537,0,Normal,-0.144151303,UK,Vodafone UK
919325431074,30,21,3,24,295.928284,0.499266558,0.608562078,1,21,0.7,0,576935,4,0.7,1,748398.076,-4.73198139,0,Normal,-0.121014129,India,Airtel
447701658046,30,21,3,24,344.609549,0.479704575,0.756135127,1,21,0.7,0,925954,1,0.7,4,761694.4959,11.78803926,0,Normal,-0.194518832,UK,O2
966540165790,27,18,2,21,267.52674,0.491153321,0.24690414,1,18,0.666667,0,843793,2,0.666667,1,962503.2445,-13.06836473,0,Normal,-0.188644232,Saudi Arabia,Mobily
491793355486,25,17,2,20,256.336918,0.341658607,0.540358834,1,17,0.68,0,652266,1,0.68,3,419650.5775,8.9154146,0,Normal,-0.146714453,Germany,Vodafone DE
447795137116,27,18,2,21,345.825651,0.153863117,0.315336352,1,18,0.666667,0,217466,2,0.666667,3,-699003.8622,-14.78719208,0,Normal,-0.104789523,UK,Vodafone UK
918682756704,25,17,2,20,252.203662,0.661392372,0.784463263,1,17,0.68,0,644861,3,0.68,3,157409.2111,7.78802508,0,Normal,-0.121317564,India,Airtel
491788774924,27,18,2,21,272.678194,0.360331622,0.401702405,1,18,0.666667,0,986585,1,0.666667,1,-293758.2093,-2.20367314,0,Normal,-0.183363693,Germany,T-Mobile DE
19298422223,25,17,2,20,349.377304,0.50216762,0.508622046,1,17,0.68,0,487629,2,0.68,1,124974.4848,-23.26554557,0,Normal,-0.168305624,USA,Verizon
447257828410,28,19,2,22,326.851817,0.763452338,0.849467903,1,19,0.678571,0,263633,1,0.678571,4,951202.0723,-8.4359677,0,Normal,-0.129454864,UK,O2
491692975170,30,21,3,24,305.095999,0.315657541,0.481140945,1,21,0.7,0,981723,2,0.7,3,-285212.9028,-8.68167652,0,Normal,-0.139184879,Germany,T-Mobile DE
17988343018,30,21,3,24,317.155778,0.161163856,0.558251265,1,21,0.7,0,303895,4,0.7,2,206343.7492,0.57779213,0,Normal,-0.194395238,USA,AT&T
966546265650,27,18,2,21,285.135503,0.78426654,0.812011215,1,18,0.666667,0,191853,2,0.666667,3,483055.3531,-4.21951122,0,Normal,-0.155749564,Saudi Arabia,Mobily
19466629912,27,18,2,21,297.461313,0.707268074,0.890646843,1,18,0.666667,0,169327,4,0.666667,0,-986762.2642,6.94029999,0,Normal,-0.172667114,USA,Verizon
17707923264,28,19,2,22,254.223291,0.678373814,0.784209641,1,19,0.678571,0,418677,4,0.678571,4,479712.0461,-13.77398892,0,Normal,-0.120878045,USA,T-Mobile
14694714627,30,21,3,24,274.475026,0.183548264,0.394051924,1,21,0.7,0,169966,3,0.7,4,-39028.1891,-3.19657442,0,Normal,-0.174208846,USA,T-Mobile
966551589042,25,17,2,20,264.613712,0.422730778,0.685298131,1,17,0.68,0,474745,2,0.68,0,-454659.2927,-4.02429974,0,Normal,-0.108789538,Saudi Arabia,Zain KSA
447044818321,26,18,2,20,304.371234,0.710710194,0.778775398,1,18,0.692308,0,818240,3,0.692308,2,370887.4389,9.4173321,0,Normal,-0.190416659,UK,EE
61452028457,27,18,2,21,342.090738,0.2141204,0.352513348,1,18,0.666667,0,627835,2,0.666667,1,590213.4761,2.93276072,0,Normal,-0.131034717,Australia,Optus
61488167112,28,19,2,22,284.820991,0.583735492,0.297309787,1,19,0.678571,0,563405,3,0.678571,1,419789.7658,-23.56202314,0,Normal,-0.118542589,Australia,Telstra
13322342321,30,21,3,24,326.302369,0.178205536,0.213164488,1,21,0.7,0,607778,4,0.7,0,-607298.0149,-23.36036422,0,Normal,-0.134021116,USA,AT&T
61407140140,25,17,2,20,342.009807,0.243780831,0.830822407,1,17,0.68,0,293757,3,0.68,0,-818441.3739,17.29307612,0,Normal,-0.105815502,Australia,Telstra
61455289389,25,17,2,20,331.95865,0.634270823,0.570187118,1,17,0.68,0,850582,2,0.68,2,-656453.0745,12.70089356,0,Normal,-0.199567107,Australia,Telstra
966503875927,25,17,2,20,268.084854,0.348375641,0.46573054,1,17,0.68,0,324682,2,0.68,3,-774309.0427,24.23063752,0,Normal,-0.18763846,Saudi Arabia,Zain KSA
917754801571,27,18,2,21,295.694577,0.615322095,0.68093259,1,18,0.666667,0,981946,4,0.666667,1,107831.7822,-10.47053375,0,Normal,-0.114463433,India,Vi
12727520716,29,20,2,23,315.854826,0.159504137,0.300357293,1,20,0.689655,0,520085,1,0.689655,1,-870579.1777,23.76037471,0,Normal,-0.166136835,USA,AT&T
61461367499,30,21,3,24,344.322506,0.349268115,0.666673907,1,21,0.7,0,524089,4,0.7,4,-442218.7336,13.39997778,0,Normal,-0.189196333,Australia,Optus
447773201017,25,17,2,20,347.207255,0.367843088,0.675443053,1,17,0.68,0,260155,3,0.68,4,246465.2374,13.00857219,0,Normal,-0.13389194,UK,EE
61477347784,27,18,2,21,330.94816,0.478370291,0.212369275,1,18,0.666667,0,901075,1,0.666667,3,760251.342,-19.04329457,0,Normal,-0.154988448,Australia,Vodafone AU
15867700284,26,18,2,20,299.147961,0.19414177,0.701006233,1,18,0.692308,0,611133,1,0.692308,4,350049.1603,8.00392946,0,Normal,-0.131462583,Canada,Telus
61477828064,29,20,2,23,347.087076,0.531857773,0.446934639,1,20,0.689655,0,398254,3,0.689655,0,-943706.0268,-22.7440774,0,Normal,-0.116306585,Australia,Optus
447905616556,25,17,2,20,316.124001,0.273329752,0.653657977,1,17,0.68,0,721314,1,0.68,0,737879.9216,-19.27643517,0,Normal,-0.183022076,UK,O2
61450769864,30,21,3,24,296.96999,0.115565516,0.421560032,1,21,0.7,0,698059,4,0.7,2,145077.2896,15.41632842,0,Normal,-0.189994332,Australia,Telstra
966535785294,28,19,2,22,270.175863,0.54481094,0.881875085,1,19,0.678571,0,178979,2,0.678571,2,-469689.8006,-10.13398655,0,Normal,-0.142647931,Saudi Arabia,Mobily
14329191954,29,20,2,23,330.118567,0.432687857,0.346817411,1,20,0.689655,0,934301,1,0.689655,2,9279.069366,-10.00454894,0,Normal,-0.13365433,Canada,Rogers
447366498782,30,21,3,24,320.333165,0.703896865,0.603790307,1,21,0.7,0,323297,4,0.7,2,874325.8512,1.63596675,0,Normal,-0.13855777,UK,Vodafone UK
16459083572,26,18,2,20,324.643352,0.635871057,0.790885397,1,18,0.692308,0,530189,3,0.692308,0,267854.9767,17.29834915,0,Normal,-0.173306524,Canada,Rogers
447249363123,26,18,2,20,329.704476,0.317378397,0.539767647,1,18,0.692308,0,557318,4,0.692308,0,-596018.9825,-11.36440183,0,Normal,-0.197085813,UK,Vodafone UK
14858207001,29,20,2,23,279.797918,0.144507188,0.868561934,1,20,0.689655,0,481088,1,0.689655,3,886324.2841,11.21172266,0,Normal,-0.185943985,Canada,Bell
916898471391,27,18,2,21,333.233417,0.616065448,0.764089126,1,18,0.666667,0,880097,2,0.666667,3,-563983.2296,-19.65929934,0,Normal,-0.178589136,India,Vi
447764907851,29,20,2,23,292.378132,0.577916913,0.874320738,1,20,0.689655,0,922370,2,0.689655,2,-49556.43839,-6.61303557,0,Normal,-0.16918286,UK,O2
966560034864,30,21,3,24,286.28551,0.668575209,0.285437638,1,21,0.7,0,347864,4,0.7,3,-984267.7875,23.03739838,0,Normal,-0.10724926,Saudi Arabia,Zain KSA
447413432756,27,18,2,21,336.644459,0.676238446,0.858346794,1,18,0.666667,0,593975,4,0.666667,2,434772.0358,18.83806136,0,Normal,-0.117975869,UK,Vodafone UK
13654815698,27,18,2,21,295.326175,0.119145625,0.236469176,1,18,0.666667,0,772758,2,0.666667,3,582038.6356,-18.19538884,0,Normal,-0.159933815,Canada,Telus
966545911238,30,21,3,24,326.31627,0.692872301,0.680027365,1,21,0.7,0,931145,3,0.7,3,-43269.04009,11.75860544,0,Normal,-0.173932012,Saudi Arabia,Zain KSA
966565431652,28,19,2,22,344.475715,0.719039001,0.357140993,1,19,0.678571,0,124085,2,0.678571,0,948255.1435,-15.08668987,0,Normal,-0.129873885,Saudi Arabia,Mobily
12516969421,26,18,2,20,344.724351,0.182145363,0.703008397,1,18,0.692308,0,556297,4,0.692308,3,-762975.302,10.6781856,0,Normal,-0.180945583,USA,AT&T
14734762639,27,18,2,21,322.670807,0.232554219,0.32625891,1,18,0.666667,0,930958,2,0.666667,0,-419614.077,-11.91002681,0,Normal,-0.138231976,Canada,Rogers
15799710725,28,19,2,22,318.685245,0.599335164,0.695917217,1,19,0.678571,0,871861,3,0.678571,0,-809441.1558,-22.06238432,0,Normal,-0.166713746,USA,T-Mobile
16835990048,28,19,2,22,280.250736,0.37628777,0.459630849,1,19,0.678571,0,686741,1,0.678571,4,-641255.5537,-16.50667507,0,Normal,-0.150716017,USA,T-Mobile
447721586241,25,17,2,20,347.85166,0.449447432,0.881360043,1,17,0.68,0,394650,3,0.68,3,-434148.9836,18.84681928,0,Normal,-0.138706843,UK,O2
14718562572,30,21,3,24,313.665219,0.407992718,0.332243969,1,21,0.7,0,157217,2,0.7,1,-928275.5037,-11.98880182,0,Normal,-0.129403714,Canada,Telus
491570758777,30,21,3,24,336.68793,0.186557964,0.265504515,1,21,0.7,0,397917,2,0.7,1,499873.303,16.12858782,0,Normal,-0.143675261,Germany,T-Mobile DE
966563908926,26,18,2,20,326.825343,0.573835961,0.821157389,1,18,0.692308,0,127223,3,0.692308,0,-211660.3945,4.51692489,0,Normal,-0.104878015,Saudi Arabia,STC
15322017774,30,21,3,24,250.580536,0.77883936,0.65932093,1,21,0.7,0,575111,3,0.7,4,-741359.6032,18.16394219,0,Normal,-0.119844204,Canada,Telus
447501896164,26,18,2,20,346.504931,0.705860858,0.262431815,1,18,0.692308,0,993749,2,0.692308,1,-222994.1967,-4.8801883,0,Normal,-0.1352832,UK,Vodafone UK
966531476492,30,21,3,24,259.61115,0.357219779,0.339909882,1,21,0.7,0,567080,4,0.7,3,-463041.1928,5.01703747,0,Normal,-0.190977765,Saudi Arabia,Mobily
491692661085,30,21,3,24,272.423021,0.580365575,0.308548791,1,21,0.7,0,619383,1,0.7,2,-63561.65651,-21.04084346,0,Normal,-0.119845531,Germany,Vodafone DE
447224386490,25,17,2,20,341.730201,0.459390162,0.557456109,1,17,0.68,0,533082,1,0.68,3,321710.5079,3.42391052,0,Normal,-0.174661967,UK,EE
447918017226,25,17,2,20,291.625156,0.593064988,0.419762449,1,17,0.68,0,859268,4,0.68,3,247620.7883,-11.74628051,0,Normal,-0.103328037,UK,Vodafone UK
13923219416,25,17,2,20,250.584707,0.181674782,0.320214746,1,17,0.68,0,600296,4,0.68,3,737561.042,23.29019038,0,Normal,-0.139811256,Canada,Telus
491699564122,26,18,2,20,261.19125,0.111119673,0.879364255,1,18,0.692308,0,128117,2,0.692308,3,297246.4434,7.4869913,0,Normal,-0.156421153,Germany,T-Mobile DE
966563147276,25,17,2,20,266.610549,0.206695568,0.691818674,1,17,0.68,0,608608,4,0.68,0,719592.8909,4.26131347,0,Normal,-0.179866158,Saudi Arabia,STC
61460501667,29,20,2,23,309.583955,0.488013168,0.403542172,1,20,0.689655,0,611177,4,0.689655,3,26711.44293,11.23070926,0,Normal,-0.106471905,Australia,Vodafone AU
17003080695,25,17,2,20,276.784887,0.5538102,0.822398416,1,17,0.68,0,222621,4,0.68,4,877928.9521,-7.66179433,0,Normal,-0.130248556,Canada,Telus
917437573839,27,18,2,21,342.17356,0.697417654,0.700639414,1,18,0.666667,0,591223,2,0.666667,2,445990.0068,-5.48143835,0,Normal,-0.158313892,India,Jio
966547293417,26,18,2,20,269.948422,0.524024305,0.270632608,1,18,0.692308,0,536191,4,0.692308,2,-530562.1891,2.84152554,0,Normal,-0.100073878,Saudi Arabia,STC
447452280156,29,20,2,23,272.669026,0.493387014,0.540455709,1,20,0.689655,0,456855,3,0.689655,0,540189.7859,2.8511175,0,Normal,-0.11036823,UK,Vodafone UK
19078910771,29,20,2,23,310.965585,0.700871187,0.271307628,1,20,0.689655,0,689795,1,0.689655,4,-789177.8325,6.49630581,0,Normal,-0.112913053,Canada,Rogers
447247871255,25,17,2,20,334.859509,0.407375923,0.491024887,1,17,0.68,0,906389,1,0.68,1,669626.7398,-1.31683337,0,Normal,-0.17132417,UK,Vodafone UK
12884565328,26,18,2,20,263.799433,0.400175994,0.84261404,1,18,0.692308,0,581037,3,0.692308,0,-114842.6213,13.50759305,0,Normal,-0.128237426,USA,AT&T
61411556260,25,17,2,20,316.017617,0.549026028,0.831757792,1,17,0.68,0,160617,3,0.68,3,-195994.3639,9.04353287,0,Normal,-0.144638957,Australia,Optus
447550489267,26,18,2,20,338.757976,0.537051776,0.632731224,1,18,0.692308,0,563621,3,0.692308,3,550800.6692,19.04873412,0,Normal,-0.191571908,UK,EE
61456288431,29,20,2,23,281.225241,0.338496216,0.644979853,1,20,0.689655,0,124559,1,0.689655,4,185007.2035,-12.93301104,0,Normal,-0.122584221,Australia,Vodafone AU
966558105485,25,17,2,20,325.655994,0.758940123,0.51411582,1,17,0.68,0,700241,1,0.68,3,-322039.4107,-13.19513365,0,Normal,-0.125424193,Saudi Arabia,STC
61498935449,26,18,2,20,321.435098,0.463766653,0.373343332,1,18,0.692308,0,443772,2,0.692308,2,-91380.81822,-17.67233733,0,Normal,-0.157430787,Australia,Vodafone AU
491510627371,30,21,3,24,302.62556,0.511767621,0.5632615,1,21,0.7,0,513959,3,0.7,4,-2345.388584,-3.82889025,0,Normal,-0.155992005,Germany,Vodafone DE
491762282772,29,20,2,23,336.327166,0.18264071,0.348849777,1,20,0.689655,0,596349,1,0.689655,1,888139.1221,-6.53339702,0,Normal,-0.104817825,Germany,O2 DE
61461159408,25,17,2,20,287.146735,0.793714071,0.412282058,1,17,0.68,0,609529,1,0.68,1,-715720.3885,4.48121221,0,Normal,-0.195134895,Australia,Telstra
447432701851,28,19,2,22,298.117643,0.316791315,0.516662099,1,19,0.678571,0,454233,4,0.678571,3,668919.9764,16.68417327,0,Normal,-0.186719039,UK,Vodafone UK
17177772519,29,20,2,23,290.962833,0.262975598,0.47677799,1,20,0.689655,0,667273,1,0.689655,3,471825.5889,7.29582648,0,Normal,-0.113404643,USA,T-Mobile
966509481813,29,20,2,23,307.685558,0.13701207,0.599171068,1,20,0.689655,0,298595,4,0.689655,4,793728.5605,-18.98584118,0,Normal,-0.106381819,Saudi Arabia,Zain KSA
12204339718,27,18,2,21,290.179787,0.131488551,0.803382035,1,18,0.666667,0,124393,3,0.666667,3,-638983.9885,-23.79715299,0,Normal,-0.147209824,USA,T-Mobile
491611182422,25,17,2,20,265.422737,0.766515309,0.675025997,1,17,0.68,0,161775,3,0.68,1,-945657.6152,-22.07491089,0,Normal,-0.161006029,Germany,Vodafone DE
447265461033,29,20,2,23,273.649112,0.456034892,0.553094876,1,20,0.689655,0,220671,3,0.689655,0,-363327.1088,2.65605428,0,Normal,-0.193454179,UK,EE
919304891382,29,20,2,23,290.674592,0.158735849,0.645059296,1,20,0.689655,0,313340,2,0.689655,2,80879.50923,-16.59058341,0,Normal,-0.175483851,India,Vi
491770079420,28,19,2,22,277.330294,0.27562227,0.675998458,1,19,0.678571,0,468488,2,0.678571,4,681368.3884,-10.93443556,0,Normal,-0.183858369,Germany,T-Mobile DE
61491416128,28,19,2,22,271.085018,0.453374175,0.761439587,1,19,0.678571,0,815234,3,0.678571,2,959280.6958,10.38770469,0,Normal,-0.172698686,Australia,Optus
966545379502,25,17,2,20,310.878675,0.102995473,0.206705029,1,17,0.68,0,281965,4,0.68,4,790536.3544,10.16498375,0,Normal,-0.123753476,Saudi Arabia,Zain KSA
61411807156,27,18,2,21,288.675103,0.687402055,0.768308796,1,18,0.666667,0,108840,1,0.666667,3,-259038.7175,-15.35045712,0,Normal,-0.19906367,Australia,Vodafone AU
966504531943,28,19,2,22,346.729651,0.12575723,0.544986513,1,19,0.678571,0,838247,2,0.678571,0,-607826.412,16.05617353,0,Normal,-0.160391382,Saudi Arabia,STC
14859872839,30,21,3,24,310.297255,0.222870188,0.611715209,1,21,0.7,0,882209,1,0.7,1,-480751.0386,3.49516453,0,Normal,-0.177203482,Canada,Telus
61443089487,28,19,2,22,314.096629,0.760151957,0.236303958,1,19,0.678571,0,438689,4,0.678571,3,-451928.8075,9.00867377,0,Normal,-0.153341327,Australia,Telstra
447803046875,28,19,2,22,269.460814,0.157266231,0.600273732,1,19,0.678571,0,126604,2,0.678571,3,915551.3655,20.84976109,0,Normal,-0.180312318,UK,Vodafone UK
447411076095,26,18,2,20,260.784065,0.266851449,0.438561378,1,18,0.692308,0,157076,3,0.692308,4,588222.239,22.17737886,0,Normal,-0.122425053,UK,O2
61471791100,27,18,2,21,339.008374,0.585354567,0.747852368,1,18,0.666667,0,165014,4,0.666667,0,-397057.852,6.30926059,0,Normal,-0.193420974,Australia,Optus
966508046619,26,18,2,20,336.458274,0.651232366,0.63680571,1,18,0.692308,0,575436,4,0.692308,3,590329.3554,18.99690837,0,Normal,-0.138076945,Saudi Arabia,Mobily
447078593110,30,21,3,24,256.754447,0.652591497,0.335530179,1,21,0.7,0,701056,2,0.7,4,-487427.7956,-3.94964983,0,Normal,-0.127537696,UK,EE
491532002496,30,21,3,24,325.437364,0.317831768,0.819655337,1,21,0.7,0,913166,2,0.7,1,-60952.48001,5.16647448,0,Normal,-0.170893606,Germany,O2 DE
917038806533,26,18,2,20,328.526381,0.339086347,0.667502097,1,18,0.692308,0,828531,4,0.692308,4,384827.6784,17.60043412,0,Normal,-0.143390309,India,Jio
447946521707,25,17,2,20,313.876705,0.58525439,0.52657573,1,17,0.68,0,323491,2,0.68,3,469172.3551,22.62941145,0,Normal,-0.166848489,UK,Vodafone UK
966553620501,25,17,2,20,305.469161,0.199681381,0.508285684,1,17,0.68,0,762002,3,0.68,0,950618.5506,-15.0438565,0,Normal,-0.171589912,Saudi Arabia,Mobily
14692583230,27,18,2,21,341.064895,0.114695632,0.674216665,1,18,0.666667,0,497329,1,0.666667,2,872228.2083,-9.7463811,0,Normal,-0.175985007,USA,Verizon
15822896112,26,18,2,20,269.168129,0.364736871,0.461978711,1,18,0.692308,0,728672,4,0.692308,1,842027.188,13.15411874,0,Normal,-0.141267413,Canada,Rogers
17494253042,29,20,2,23,338.583429,0.246466301,0.256985391,1,20,0.689655,0,593530,1,0.689655,1,17227.61077,12.5654019,0,Normal,-0.135492844,Canada,Telus
61457872558,28,19,2,22,321.564987,0.446354418,0.387834821,1,19,0.678571,0,520422,1,0.678571,1,-560947.4347,-14.84997516,0,Normal,-0.113683174,Australia,Vodafone AU
491546692548,26,18,2,20,325.162275,0.306533612,0.563174504,1,18,0.692308,0,341358,1,0.692308,3,24524.17644,-8.18130097,0,Normal,-0.15488488,Germany,T-Mobile DE
491657546027,27,18,2,21,314.535485,0.351365055,0.257692958,1,18,0.666667,0,983533,1,0.666667,2,853211.8384,-20.07954451,0,Normal,-0.192865132,Germany,T-Mobile DE
917535444392,30,21,3,24,304.312564,0.282794811,0.739053264,1,21,0.7,0,395536,3,0.7,3,891630.0149,16.09306581,0,Normal,-0.124219392,India,Jio
919826333738,29,20,2,23,325.76213,0.605757246,0.522980796,1,20,0.689655,0,930382,1,0.689655,2,691603.3356,-3.56035129,0,Normal,-0.105807022,India,Jio
491577805292,30,21,3,24,250.968115,0.667280969,0.784009217,1,21,0.7,0,456329,2,0.7,3,-148561.3035,12.63130918,0,Normal,-0.123715842,Germany,Vodafone DE
966564590902,27,18,2,21,306.819088,0.659402044,0.839626537,1,18,0.666667,0,701755,4,0.666667,3,-591590.7629,-5.46819267,0,Normal,-0.146550942,Saudi Arabia,STC
16871597412,30,21,3,24,305.290678,0.122441408,0.682317185,1,21,0.7,0,612348,1,0.7,1,-602002.5303,20.56726551,0,Normal,-0.161410589,USA,Verizon
14394817058,26,18,2,20,282.677207,0.736868712,0.473773691,1,18,0.692308,0,216123,2,0.692308,4,-163173.5939,12.15713772,0,Normal,-0.16110071,USA,Verizon
14122346729,27,18,2,21,308.749195,0.451732515,0.67938515,1,18,0.666667,0,388820,2,0.666667,0,982170.2263,-2.71342096,0,Normal,-0.117541738,Canada,Telus
61438597779,30,21,3,24,259.110268,0.552409396,0.843227106,1,21,0.7,0,463627,3,0.7,3,226055.0234,15.49923824,0,Normal,-0.182487371,Australia,Telstra
13849676291,30,21,3,24,344.568736,0.26778668,0.809377714,1,21,0.7,0,387075,3,0.7,0,396087.9851,11.12046946,0,Normal,-0.178274513,USA,AT&T
491681511856,26,18,2,20,275.276662,0.4542452,0.523517241,1,18,0.692308,0,176751,4,0.692308,3,-312684.5696,-5.03290823,0,Normal,-0.180559642,Germany,Vodafone DE
916412577711,30,21,3,24,274.229361,0.765012897,0.298179032,1,21,0.7,0,960279,3,0.7,1,-658821.8087,-24.09669362,0,Normal,-0.189948488,India,Jio
447186210427,26,18,2,20,271.667243,0.124111392,0.672530892,1,18,0.692308,0,326667,4,0.692308,0,673002.2823,15.5755913,0,Normal,-0.135898781,UK,O2
966506470900,26,18,2,20,342.882055,0.362251292,0.366978226,1,18,0.692308,0,195825,1,0.692308,3,-944111.6603,-24.27200178,0,Normal,-0.117947345,Saudi Arabia,Mobily
966503122068,27,18,2,21,282.267958,0.538750504,0.637271347,1,18,0.666667,0,668016,4,0.666667,3,-758392.0772,-14.31100067,0,Normal,-0.164342367,Saudi Arabia,STC
12166506373,30,21,3,24,331.508489,0.554961497,0.458285973,1,21,0.7,0,170601,2,0.7,3,-396931.5027,4.94345482,0,Normal,-0.101689751,USA,Verizon
917419562525,28,19,2,22,256.751348,0.112354159,0.838472278,1,19,0.678571,0,570717,4,0.678571,4,281183.9095,-13.37872613,0,Normal,-0.141253145,India,Jio
917091436391,26,18,2,20,287.452363,0.307630311,0.30616941,1,18,0.692308,0,314313,1,0.692308,1,846818.2791,4.90375943,0,Normal,-0.10541235,India,Airtel
966542450864,26,18,2,20,334.693485,0.331889191,0.369574289,1,18,0.692308,0,665509,1,0.692308,1,602903.6147,9.81390242,0,Normal,-0.177755595,Saudi Arabia,STC
15918527017,26,18,2,20,255.210686,0.794408798,0.856792169,1,18,0.692308,0,231660,1,0.692308,1,185261.3024,16.56104393,0,Normal,-0.106818731,Canada,Rogers
17201674233,26,18,2,20,310.585123,0.312170495,0.603495281,1,18,0.692308,0,766478,2,0.692308,2,724851.0537,-0.94146465,0,Normal,-0.104898681,USA,AT&T
447662776896,28,19,2,22,251.981108,0.366993518,0.797829547,1,19,0.678571,0,895720,3,0.678571,4,74395.36084,2.64260684,0,Normal,-0.182430068,UK,Vodafone UK
491647468971,26,18,2,20,321.486337,0.237001024,0.841292356,1,18,0.692308,0,104383,1,0.692308,4,460737.2839,-6.2871093,0,Normal,-0.159544474,Germany,Vodafone DE
491656749160,28,19,2,22,343.212956,0.213653668,0.734065599,1,19,0.678571,0,367657,3,0.678571,4,418256.9308,6.74898725,0,Normal,-0.163181946,Germany,T-Mobile DE
919633705024,28,19,2,22,344.426522,0.203157173,0.373190361,1,19,0.678571,0,706435,2,0.678571,0,-766538.7128,-20.38470967,0,Normal,-0.128839053,India,Jio
491691836264,27,18,2,21,300.064682,0.473240918,0.82065562,1,18,0.666667,0,714549,3,0.666667,3,504924.5041,21.21602957,0,Normal,-0.113058204,Germany,O2 DE
918243640270,25,17,2,20,327.374363,0.392487724,0.491789627,1,17,0.68,0,402346,4,0.68,1,-647197.4049,-15.67999806,0,Normal,-0.186566794,India,Airtel
491581793230,26,18,2,20,330.917863,0.234319383,0.888062988,1,18,0.692308,0,528649,4,0.692308,4,-781609.105,6.82168199,0,Normal,-0.19201902,Germany,O2 DE
919141509377,25,17,2,20,250.950658,0.286256525,0.868649613,1,17,0.68,0,797640,1,0.68,0,-577863.2831,14.58932683,0,Normal,-0.16243342,India,Jio
61447759655,27,18,2,21,349.944514,0.671793034,0.858693733,1,18,0.666667,0,797385,4,0.666667,3,221618.1168,23.76525304,0,Normal,-0.112692257,Australia,Vodafone AU
13030762091,27,18,2,21,345.106194,0.626007819,0.373976348,1,18,0.666667,0,573870,4,0.666667,4,-173746.8144,-15.60325324,0,Normal,-0.101381859,Canada,Telus
15300505739,28,19,2,22,323.920463,0.655772265,0.443833771,1,19,0.678571,0,599250,1,0.678571,3,-412274.0536,-15.24615224,0,Normal,-0.185683856,Canada,Bell
61498027148,26,18,2,20,339.640858,0.768535855,0.537517982,1,18,0.692308,0,666931,2,0.692308,1,-576718.3576,12.66262604,0,Normal,-0.13402549,Australia,Optus
916602564347,25,17,2,20,316.547637,0.745915331,0.643483733,1,17,0.68,0,615856,1,0.68,2,743881.214,21.58899776,0,Normal,-0.123366261,India,Jio
61415668633,25,17,2,20,279.09765,0.177967766,0.438166498,1,17,0.68,0,720967,2,0.68,0,145678.019,-18.62912668,0,Normal,-0.168662771,Australia,Optus
491704098366,27,18,2,21,329.751814,0.753747616,0.288415155,1,18,0.666667,0,795984,2,0.666667,0,-209375.2323,1.91464717,0,Normal,-0.153939723,Germany,Vodafone DE
15043772942,30,21,3,24,334.912747,0.679425904,0.224040706,1,21,0.7,0,435690,3,0.7,4,980670.224,-18.82679937,0,Normal,-0.10031514,USA,T-Mobile
966567374605,30,21,3,24,271.061309,0.612860672,0.767293057,1,21,0.7,0,834430,1,0.7,1,713557.5933,11.36977315,0,Normal,-0.170089822,Saudi Arabia,STC
18762086567,28,19,2,22,289.106309,0.469491104,0.398127909,1,19,0.678571,0,830203,2,0.678571,4,-212455.0924,-18.45496583,0,Normal,-0.124773352,Canada,Bell
61404729277,26,18,2,20,270.976634,0.66305091,0.336958548,1,18,0.692308,0,782872,1,0.692308,2,451915.0236,3.78410485,0,Normal,-0.132168219,Australia,Optus
13526620157,25,17,2,20,261.734685,0.460804625,0.436940073,1,17,0.68,0,554894,2,0.68,3,-509997.9932,-19.05987291,0,Normal,-0.16033552,Canada,Rogers
447926176475,25,17,2,20,261.662763,0.185436094,0.648986529,1,17,0.68,0,634510,2,0.68,0,173700.9819,24.36746678,0,Normal,-0.152050163,UK,Vodafone UK
966509267649,25,17,2,20,282.522897,0.599637702,0.803547342,1,17,0.68,0,663621,2,0.68,3,625735.8745,-24.01268058,0,Normal,-0.144393984,Saudi Arabia,STC
61487189813,25,17,2,20,268.066417,0.519371825,0.325956289,1,17,0.68,0,681667,4,0.68,2,-753909.3936,-18.55920047,0,Normal,-0.17937701,Australia,Vodafone AU
12908401184,29,20,2,23,267.16032,0.783972169,0.660711557,1,20,0.689655,0,360400,3,0.689655,0,892429.2318,0.97215358,0,Normal,-0.121719818,USA,AT&T
966567297585,29,20,2,23,301.059035,0.581551216,0.663831898,1,20,0.689655,0,146908,2,0.689655,0,-623852.6979,-10.01453852,0,Normal,-0.11673722,Saudi Arabia,Zain KSA
18178395429,25,17,2,20,304.984861,0.28247211,0.654838258,1,17,0.68,0,271252,4,0.68,3,-833491.8477,-12.29103033,0,Normal,-0.157465664,USA,AT&T
966538314359,30,21,3,24,332.050821,0.523461285,0.493780531,1,21,0.7,0,260947,3,0.7,3,-242116.1976,23.20088506,0,Normal,-0.175250231,Saudi Arabia,Zain KSA
447181861515,27,18,2,21,264.632963,0.658668156,0.391552751,1,18,0.666667,0,202704,4,0.666667,1,-242735.2972,-19.74986353,0,Normal,-0.107436414,UK,O2
17404971859,29,20,2,23,277.105397,0.169346307,0.2335743,1,20,0.689655,0,433443,4,0.689655,1,-309654.2238,12.06485692,0,Normal,-0.103199972,USA,AT&T
61489679240,29,20,2,23,321.322266,0.560294054,0.2998691,1,20,0.689655,0,695130,3,0.689655,0,836883.2875,6.9596745,0,Normal,-0.16298493,Australia,Vodafone AU
14569672757,27,18,2,21,277.582297,0.399435558,0.859173907,1,18,0.666667,0,953565,2,0.666667,2,271270.4965,-20.65288575,0,Normal,-0.16943385,Canada,Telus
15211113129,25,17,2,20,324.340946,0.487911842,0.544995373,1,17,0.68,0,111214,4,0.68,4,864882.8377,-18.1785809,0,Normal,-0.15021948,Canada,Rogers
966561609306,29,20,2,23,324.966795,0.270958373,0.717288206,1,20,0.689655,0,963359,1,0.689655,4,-102695.9126,-16.57338304,0,Normal,-0.106981464,Saudi Arabia,Zain KSA
17373215285,28,19,2,22,299.550786,0.219338775,0.878809883,1,19,0.678571,0,454375,2,0.678571,4,701554.1012,17.8903081,0,Normal,-0.170993526,Canada,Rogers
491643096348,28,19,2,22,339.249391,0.693846246,0.24024771,1,19,0.678571,0,106177,4,0.678571,2,-403298.7005,-19.64179724,0,Normal,-0.16502783,Germany,T-Mobile DE
966536501673,29,20,2,23,301.43186,0.207597466,0.286689854,1,20,0.689655,0,611088,1,0.689655,1,538895.2144,-12.49326236,0,Normal,-0.152930132,Saudi Arabia,STC
